video_id,download,trim
--5OkAjCI7g,failed,unknown
--5OkAjCI7g,failed,unknown
--5OkAjCI7g,failed,unknown
--Nrb6rtheE,failed,unknown
--QVnZXkb_Y,failed,unknown
--QVnZXkb_Y,failed,unknown
--TF_YkxfvQ,failed,unknown
--TF_YkxfvQ,failed,unknown
--5OkAjCI7g,failed,unknown
--Aa4M484QM,failed,unknown
--CudrykwoE,failed,unknown
--CudrykwoE,failed,unknown
--Nrb6rtheE,failed,unknown
--QVnZXkb_Y,failed,unknown
--QVnZXkb_Y,failed,unknown
--TF_YkxfvQ,failed,unknown
--TF_YkxfvQ,failed,unknown
--UE437qBIo,failed,unknown
--_K9nQrmDU,failed,unknown
--iY3Bf4hDg,failed,unknown
--nzKFQ7Myg,failed,unknown
--qXTWmzUKA,failed,unknown
-021-GT2EIM,failed,unknown
-021-GT2EIM,failed,unknown
-0HTFjyC-SI,failed,unknown
-0iEMffOYwo,failed,unknown
-0kJ0SVWD7E,failed,unknown
-0lrq0dgfnQ,failed,unknown
-0lrq0dgfnQ,failed,unknown
-0mLdC1zRx8,failed,unknown
-1JmE4eV4zE,failed,unknown
-1KVzbdvkdg,failed,unknown
-1KVzbdvkdg,failed,unknown
-1gKqs5p3I8,failed,unknown
-1ukRC9M6bc,failed,unknown
-2Fbw2plADY,failed,unknown
-2MeFbcUUmk,failed,unknown
-2UTeNMKf7g,failed,unknown
-2Z9JGG0Dnw,failed,unknown
-2jAdijiM14,failed,unknown
-2jAdijiM14,failed,unknown
-33dtHMQ38I,failed,unknown
-33dtHMQ38I,failed,unknown
-3EJe3ZMO1k,failed,unknown
-3gU1bPU7_8,failed,unknown
-427zFFU4Kw,failed,unknown
-4B9Xf1b1yI,failed,unknown
-4EIZrmnLcE,failed,unknown
-4cRJi8yIMY,failed,unknown
-4cRJi8yIMY,failed,unknown
-4rIk1uat_w,failed,unknown
-5EM5-7njeE,failed,unknown
-5F19pIqURQ,failed,unknown
-5Ik428qyGo,failed,unknown
-5MpAJy294E,failed,unknown
-5dCv5_nvU8,failed,unknown
-5pOv7eCOLs,failed,unknown
-5xyaoo15yQ,failed,unknown
-6KMSzhnLdI,failed,unknown
-6YcfxDvWQg,failed,unknown
-6bTvuXsIXI,failed,unknown
-6qqkOHPPlY,failed,unknown
-7-OBu1n4ng,failed,unknown
-7-OBu1n4ng,failed,unknown
-7FjXQgpVXw,failed,unknown
-7iUkVeOgkk,failed,unknown
-7mJhw2ghk0,failed,unknown
-7w6UF9qRaI,failed,unknown
-7w6UF9qRaI,failed,unknown
-7zz2BLOpyQ,failed,unknown
-8NDwhGhEk0,failed,unknown
-8lTyf4H1cI,failed,unknown
-8vFBAkXmeg,failed,unknown
-91W9Tp2x2w,failed,unknown
-9BmQiOdBjo,failed,unknown
-9DBR_bymo8,failed,unknown
-9EKPvQSH9U,failed,unknown
-9EKPvQSH9U,failed,unknown
-9b1QdD2NcU,failed,unknown
-9b1QdD2NcU,failed,unknown
-9fYYPa8glI,failed,unknown
-9fYYPa8glI,failed,unknown
-6YcfxDvWQg,failed,unknown
-6bTvuXsIXI,failed,unknown
-6qqkOHPPlY,failed,unknown
-7-OBu1n4ng,failed,unknown
-7-OBu1n4ng,failed,unknown
-7FjXQgpVXw,failed,unknown
-7iUkVeOgkk,failed,unknown
-7mJhw2ghk0,failed,unknown
-7w6UF9qRaI,failed,unknown
-7w6UF9qRaI,failed,unknown
-7zz2BLOpyQ,failed,unknown
-8NDwhGhEk0,failed,unknown
-8lTyf4H1cI,failed,unknown
-8vFBAkXmeg,failed,unknown
-91W9Tp2x2w,failed,unknown
-9BmQiOdBjo,failed,unknown
-9DBR_bymo8,failed,unknown
-9EKPvQSH9U,failed,unknown
-9EKPvQSH9U,failed,unknown
-9b1QdD2NcU,failed,unknown
-9b1QdD2NcU,failed,unknown
-9fYYPa8glI,failed,unknown
-9fYYPa8glI,failed,unknown
-9yppEpEnVo,failed,unknown
-A43nHVdcUM,failed,unknown
-AKz1kYDgyM,failed,unknown
-AMP7Vj1ScE,failed,unknown
-AMnswk8M-4,failed,unknown
-AWN7tSV9R4,failed,unknown
-Af89O-2O_w,failed,unknown
-AgmiF7ct9c,failed,unknown
-AjqABO5O98,failed,unknown
-Akoz2Fqb4I,failed,unknown
-Akoz2Fqb4I,failed,unknown
-B6CSHRHZSA,failed,unknown
-BJNMHMZDcU,failed,unknown
-BN7lOMmnfE,failed,unknown
-BdSCcmJKJk,failed,unknown
-BdSCcmJKJk,failed,unknown
-Bfkr-Zy1jM,failed,unknown
-BkMXlxBciQ,failed,unknown
-BmPN1XE9zo,failed,unknown
-BmPN1XE9zo,failed,unknown
-C-007gu_vQ,failed,unknown
-C32AFtU9Ss,failed,unknown
-CAWmG77Z7w,failed,unknown
-CAWmG77Z7w,failed,unknown
-CUgrFw8TEI,failed,unknown
-CUgrFw8TEI,failed,unknown
-Cb4nIzv3ug,failed,unknown
-CekKuZXKJ8,failed,unknown
-CekKuZXKJ8,failed,unknown
-Clf9NLbd9c,failed,unknown
-Clj-vNybJs,failed,unknown
-CmISPGVFZ0,failed,unknown
-CmISPGVFZ0,failed,unknown
-CqCOqvLxYs,failed,unknown
-CqCOqvLxYs,failed,unknown
-CqanVTpgwo,failed,unknown
-CsnNy_s4EY,failed,unknown
-Cta7QVe1hk,failed,unknown
-CvYwNYacwE,failed,unknown
-CvYwNYacwE,failed,unknown
-CxXxHczP_c,failed,unknown
-Cyez43J6OQ,failed,unknown
-D-CZGmjmYE,failed,unknown
-D-CZGmjmYE,failed,unknown
-D0f4exnx9M,failed,unknown
-D0f4exnx9M,failed,unknown
-D19yRsucZ0,failed,unknown
-D2SxTNIZic,failed,unknown
-D2vxENQgkY,failed,unknown
-D3xojFH4Us,failed,unknown
-D58XABgrM8,failed,unknown
-D58XABgrM8,failed,unknown
-D5NIadksMo,failed,unknown
-D5NIadksMo,failed,unknown
-D7Od7iYq0A,failed,unknown
-D8dsr8DfW8,failed,unknown
-D9C44rqExM,failed,unknown
-D9HD2eetiQ,failed,unknown
-D9HD2eetiQ,failed,unknown
-DH8ConSkE8,failed,unknown
-DH8ConSkE8,failed,unknown
-DHGwygUsQc,failed,unknown
-DHzLavApwc,failed,unknown
-DJBhehSljQ,failed,unknown
-DJBhehSljQ,failed,unknown
-DLbeLd5jNE,failed,unknown
-DMGengzmu0,failed,unknown
-DMGengzmu0,failed,unknown
-DPYbTxLYOA,failed,unknown
-DPpAs6owBI,failed,unknown
-DR4c2yfNLY,failed,unknown
-DRI8Edj8X0,failed,unknown
-DSLoPRcbEY,failed,unknown
-DSNfC2EJhU,failed,unknown
-DUbVX0TRTA,failed,unknown
-DVM0BK_h5A,failed,unknown
-DXYTmYqglE,failed,unknown
-DXq8b_yfTQ,failed,unknown
-D_UlvQUT9s,failed,unknown
-DaIYDkiR_Y,failed,unknown
-DaNn4McBi8,failed,unknown
-DapSUnPLLc,failed,unknown
-DcR0SPMJXs,failed,unknown
-DgH1e0vT5g,failed,unknown
-DgH1e0vT5g,failed,unknown
-DqNQZbYA_k,failed,unknown
-Dqi6nNtnWI,failed,unknown
-DrBMUxE9eM,failed,unknown
-DrBMUxE9eM,failed,unknown
-DrChjJRNIk,failed,unknown
-DrSYwxg_eM,failed,unknown
-DsIEPiibls,failed,unknown
-DsLaGntv9s,failed,unknown
-DtbwmWBRyc,failed,unknown
-DvBRaivb3g,failed,unknown
-DvBRaivb3g,failed,unknown
-Dwk51QmItE,failed,unknown
-E-5957s3RU,failed,unknown
-E0shPRxAbo,failed,unknown
-E1Iu6YRIkc,failed,unknown
-E1zyCQE3es,failed,unknown
-E35OMfL4A4,failed,unknown
-E3eNjI4vEc,failed,unknown
-E3mf_Ks2As,failed,unknown
-E5O64NnqeM,failed,unknown
-E7V7enQN88,failed,unknown
-E8XmCE3MWQ,failed,unknown
-E9poYAgUz4,failed,unknown
-ECRgvDx4xc,failed,unknown
-EFu7tP-QEk,failed,unknown
-EGv9SjbqXs,failed,unknown
-EHk1UB4TAE,failed,unknown
-ELJ7JB6x3I,failed,unknown
-EMzpd-abxE,failed,unknown
-EOHzvnHYPE,failed,unknown
-ERNqGf249g,failed,unknown
-ERNqGf249g,failed,unknown
-ERY2p905dE,failed,unknown
-EVmxtrgcK0,failed,unknown
-EVmxtrgcK0,failed,unknown
-EWyYYBHsbQ,failed,unknown
-EXGVV11btY,failed,unknown
-E_R5RJEv74,failed,unknown
-EaZ7EJJUl0,failed,unknown
-EexFpwt15A,failed,unknown
-EexFpwt15A,failed,unknown
-EgE1mrIuIc,failed,unknown
-Eh08eOvY7w,failed,unknown
-Eh08eOvY7w,failed,unknown
-Ej9UORoB2s,failed,unknown
-EjUpvGSXcw,failed,unknown
-Ejdbj6I2W4,failed,unknown
-Ejy1cfmrYE,failed,unknown
-EnEev-W9eQ,failed,unknown
-Ena0OylxH8,failed,unknown
-Etzr_L-R1E,failed,unknown
-ExpACJU_rw,failed,unknown
-ExpACJU_rw,failed,unknown
-F-60iUiBh4,failed,unknown
-F0WUMu7N3w,failed,unknown
-F0WUMu7N3w,failed,unknown
-F3pHLvSRqo,failed,unknown
-F6GfPwjLWo,failed,unknown
-F6whO1LVKc,failed,unknown
-F8f2UKJSSE,failed,unknown
-FAVc8Nc_yg,failed,unknown
-FD8qQRrMWc,failed,unknown
-FD8qQRrMWc,failed,unknown
-FETUSTJUo4,failed,unknown
-FEbnqGk50g,failed,unknown
-FFeLquyrFQ,failed,unknown
-FIGpCo9VoM,failed,unknown
-FISWhTWJhk,failed,unknown
-FISWhTWJhk,failed,unknown
-FITRqeXl9Q,failed,unknown
-FITRqeXl9Q,failed,unknown
-FJSJkUdWSw,failed,unknown
-FJne-ZMSAA,failed,unknown
-FJne-ZMSAA,failed,unknown
-FLEmLBKkNg,failed,unknown
-FLfbQMD7zo,failed,unknown
-FLfbQMD7zo,failed,unknown
-FLztWOwCRI,failed,unknown
-FMH8bwF9iQ,failed,unknown
-FO_ycUHLa8,failed,unknown
-FPtSvIoxFY,failed,unknown
-FPtSvIoxFY,failed,unknown
-FRfHI_8irw,failed,unknown
-FWxy7eaFJE,failed,unknown
-FXgPsF8hqk,failed,unknown
-FYbupIu_5A,failed,unknown
-F_2cDPs7-4,failed,unknown
-F_2cDPs7-4,failed,unknown
-FakAjtg2uk,failed,unknown
-FcB1UrcL0E,failed,unknown
-Fca00UwCy0,failed,unknown
-Fd51gn66m8,failed,unknown
-Fec3Hn9D5I,failed,unknown
-Fec3Hn9D5I,failed,unknown
-FfFD4bbCEI,failed,unknown
-FfFD4bbCEI,failed,unknown
-FgIPY7IO8k,failed,unknown
-FgwEky-7mc,failed,unknown
-FkJTqTBhDQ,failed,unknown
-FkTCBKMl_8,failed,unknown
-FlHQAPxZgc,failed,unknown
-FlSh-N35M0,failed,unknown
-FnocfLZGPc,failed,unknown
-FoTfnPSlVM,failed,unknown
-FoTfnPSlVM,failed,unknown
-FtiJ38WHYM,failed,unknown
-Fyb0KlZxOc,failed,unknown
-G-o-Y4WuaU,failed,unknown
-G08iN_t2QQ,failed,unknown
-G0Uf74YHgY,failed,unknown
-G0Uf74YHgY,failed,unknown
-G0mYaQJhig,failed,unknown
-G1KPf8-9l0,failed,unknown
-G3kigRIDZk,failed,unknown
-G4PtM_9GWY,failed,unknown
-G57TpNZ1hg,failed,unknown
-G57TpNZ1hg,failed,unknown
-G5GTTzXP6g,failed,unknown
-G5JuwEUxjM,failed,unknown
-G7eX4G5Frc,failed,unknown
-G822fYaD3c,failed,unknown
-GASA6uVXiM,failed,unknown
-GAtUjgJpEA,failed,unknown
-GAtUjgJpEA,failed,unknown
-GD-5mRyaJw,failed,unknown
-GDboyrJvbY,failed,unknown
-GDkljH9Hsg,failed,unknown
-GDlM4qr0ec,failed,unknown
-GFrQ3vMJ5M,failed,unknown
-GHPfOXLP2o,failed,unknown
-GJ-yBIiXZ8,failed,unknown
-GJvu5hr6w4,failed,unknown
-GKam-wGnHA,failed,unknown
-GLk6G9U09A,failed,unknown
-GM-ogU1Q4s,failed,unknown
-GQcBKUU3s8,failed,unknown
-GR4oIdROrk,failed,unknown
-GRBoX1Zwro,failed,unknown
-GSvbBGWvb0,failed,unknown
-GTJNoTd14k,failed,unknown
-GW9--61qGI,failed,unknown
-GWeW1rPJpM,failed,unknown
-G_2v0L4U_s,failed,unknown
-G_2v0L4U_s,failed,unknown
-GbVgsMZ9U0,failed,unknown
-GbVgsMZ9U0,failed,unknown
-Gbohom8C4Q,failed,unknown
-GfpGu8BJcg,failed,unknown
-GiUsfDrpGA,failed,unknown
-GiWzul6EZo,failed,unknown
-GlZ819IHfE,failed,unknown
-GlZ819IHfE,failed,unknown
-Glsd1Kxlvg,failed,unknown
-GnKRy1-NFo,failed,unknown
-GoRzL3w8xw,failed,unknown
-GpKqk_i0JU,failed,unknown
-GpsuYcmBj0,failed,unknown
-Gq9GTPeFow,failed,unknown
-Gq9GTPeFow,failed,unknown
-GqQBNJ9yz8,failed,unknown
-Gt4rv12nkU,failed,unknown
-Gt_QuXr_NQ,failed,unknown
-GtvFZwApEo,failed,unknown
-GxNDcOTjOg,failed,unknown
-GxNDcOTjOg,failed,unknown
-GymV9gkAHE,failed,unknown
-GymV9gkAHE,failed,unknown
-Gz3fJ1ZDCQ,failed,unknown
-GzpZMuZd7s,failed,unknown
-GzxgZnNMmY,failed,unknown
-H1_pKntTx4,failed,unknown
-H1c5S3rZSQ,failed,unknown
-H1c5S3rZSQ,failed,unknown
-H2Vh1rqO2A,failed,unknown
-H2mnlftAYI,failed,unknown
-H2mnlftAYI,failed,unknown
-H369jUtqjc,failed,unknown
-H4GaC4DugA,failed,unknown
-H4tPZGMCZo,failed,unknown
-H53wmeBhwE,failed,unknown
-H5ngHIv738,failed,unknown
-H5ngHIv738,failed,unknown
-H8NodX280A,failed,unknown
-H9TUxVr-e8,failed,unknown
-H9TUxVr-e8,failed,unknown
-HDFlW6kofA,failed,unknown
-HDZjRaKt1w,failed,unknown
-HE8a3Npo7o,failed,unknown
-HE8a3Npo7o,failed,unknown
-HG3Omg_89c,failed,unknown
-HHIfIzlfEA,failed,unknown
-HIPq7T3eFI,failed,unknown
-HJQVouJd2w,failed,unknown
-HKNtThK9V0,failed,unknown
-HLTp7gPBEw,failed,unknown
-HLpz_jAcGs,failed,unknown
-HMmNXcZe1I,failed,unknown
-HNOW_OlVLA,failed,unknown
-HNOW_OlVLA,failed,unknown
-HNovkiEoMs,failed,unknown
-HQQ0rjBlwI,failed,unknown
-HQQ0rjBlwI,failed,unknown
-HTh0iM4TFM,failed,unknown
-HURLJm2ANE,failed,unknown
-HURo9pIyM0,failed,unknown
-HUcjhcskP4,failed,unknown
-HVg-i88xE0,failed,unknown
-HWoFxKmyyo,failed,unknown
-HXc9W7p9m0,failed,unknown
-HXwnBVE19E,failed,unknown
-HZXcZIwlkQ,failed,unknown
-H_3oEkKe0M,failed,unknown
-Ha8-q4iApM,failed,unknown
-Ha8-q4iApM,failed,unknown
-Hb1-ExzeHM,failed,unknown
-HcGf4q6eNw,failed,unknown
-HcGf4q6eNw,failed,unknown
-HcXpijfhKk,failed,unknown
-HcuAy_c7as,failed,unknown
-HcuAy_c7as,failed,unknown
-Hew7dKVW_w,failed,unknown
-Hew7dKVW_w,failed,unknown
-HhLQTm8yTg,failed,unknown
-HhLQTm8yTg,failed,unknown
-Hir7qkrFVY,failed,unknown
-HjmhPJh54k,failed,unknown
-HmWDdmTAE8,failed,unknown
-HmWDdmTAE8,failed,unknown
-HmYuZCgM2s,failed,unknown
-HpCjiutVuE,failed,unknown
-HtBJbsbeHo,failed,unknown
-Hti5s8LP9A,failed,unknown
-HvdQSlBI8U,failed,unknown
-Hw2mdbqXZc,failed,unknown
-Hw2mdbqXZc,failed,unknown
-HxQ9AoyRmY,failed,unknown
-HxRz4w60-Y,failed,unknown
-HxVr19g6HQ,failed,unknown
-HyUH30KfyE,failed,unknown
-Hzv2JsE2kY,failed,unknown
-I-UtrFl4m8,failed,unknown
-I2aGtZRT9M,failed,unknown
-I2aGtZRT9M,failed,unknown
-I2wwE7WFOU,failed,unknown
-I3iXzsmvRE,failed,unknown
-I3iXzsmvRE,failed,unknown
-I5q-hbISwA,failed,unknown
-I5q-hbISwA,failed,unknown
-I8C3cRr5TY,failed,unknown
-I95CtfMOLA,failed,unknown
-I9D8V2YNds,failed,unknown
-IBXTktoom8,failed,unknown
-IBtBeR6B00,failed,unknown
-IBuHXmoSLY,failed,unknown
-ICAAogMcYQ,failed,unknown
-IFRoPYS5cI,failed,unknown
-IFrazA2nwU,failed,unknown
-II-7qJxKPc,failed,unknown
-IKPAKtQKHA,failed,unknown
-IKPAKtQKHA,failed,unknown
-IKPFgiRHBI,failed,unknown
-IKPFgiRHBI,failed,unknown
-IKnEo70_ZE,failed,unknown
-IKnEo70_ZE,failed,unknown
-IL4hjBMsLE,failed,unknown
-IL4hjBMsLE,failed,unknown
-ILeaRxsdgA,failed,unknown
-IMTsrk-n6Q,failed,unknown
-INNrk4mik4,failed,unknown
-INmCm9heS4,failed,unknown
-IQjWad7L4w,failed,unknown
-ITO6vT2uYs,failed,unknown
-IVVNTOnTyQ,failed,unknown
-IV_bcVQVSw,failed,unknown
-IY3C-2iG7w,failed,unknown
-I_BmSTd6AA,failed,unknown
-IbJX_oadgs,failed,unknown
-Icq8IWbJLE,failed,unknown
-Icq8IWbJLE,failed,unknown
-IgQ4BYBLhc,failed,unknown
-IgzS3fIrBE,failed,unknown
-IilQt9YNzw,failed,unknown
-IirOhWxc98,failed,unknown
-Ij4uiLRp94,failed,unknown
-IlFdaVdEyU,failed,unknown
-IlFdaVdEyU,failed,unknown
-IopFsEU_iE,failed,unknown
-IpGWTs7ckQ,failed,unknown
-Ipd4tVSWmk,failed,unknown
-IqipY2Re_w,failed,unknown
-Is-xwitsSQ,failed,unknown
-IsCA5lBN74,failed,unknown
-IsEtnaUQW0,failed,unknown
-IsiJ6DuBCM,failed,unknown
-It4-b7T5AQ,failed,unknown
-Iu7PYlNUyI,failed,unknown
-Iu7PYlNUyI,failed,unknown
-J4yrwZkBbM,failed,unknown
-JBRB2gGWDA,failed,unknown
-JC9g19P-vU,failed,unknown
-JC9g19P-vU,failed,unknown
-JDNb42vjjM,failed,unknown
-JHNl1BWxro,failed,unknown
-JK1_tIi0tI,failed,unknown
-JK1_tIi0tI,failed,unknown
-JKEBnT-rhQ,failed,unknown
-JMHRrms_Cg,failed,unknown
-JNQvOgTaG0,failed,unknown
-JNQvOgTaG0,failed,unknown
-JPh1zMSYLo,failed,unknown
-JQLLT8ouTs,failed,unknown
-JRawIbcGmc,failed,unknown
-JSSQreCf4E,failed,unknown
-JTypcgiiDw,failed,unknown
-JTypcgiiDw,failed,unknown
-JUFSGWFr_o,failed,unknown
-JVYFW4VyKc,failed,unknown
-JVYFW4VyKc,failed,unknown
-JXUUIutBS8,failed,unknown
-JY_eCKiNsM,failed,unknown
-JZTO8CDIc4,failed,unknown
-JZTO8CDIc4,failed,unknown
-JZmJjnR1oc,failed,unknown
-J_Lm_eqp0U,failed,unknown
-JaUsb1_IbI,failed,unknown
-Jas0sv1T94,failed,unknown
-JcdVgIsCyg,failed,unknown
-JcdVgIsCyg,failed,unknown
-Jcl3FrHFCc,failed,unknown
-Jcl3FrHFCc,failed,unknown
-JdUSVmQq88,failed,unknown
-JflnolHaIw,failed,unknown
-Ji1q_xJu9Y,failed,unknown
-Ji1q_xJu9Y,failed,unknown
-JioP2hVPEw,failed,unknown
-Jj_VT1dTDI,failed,unknown
-Jj_VT1dTDI,failed,unknown
-Jjs8FP1sUk,failed,unknown
-Jju2T8rxNE,failed,unknown
-Jju2T8rxNE,failed,unknown
-Jk8qvmCfAA,failed,unknown
-JlJFW2q_Q8,failed,unknown
-JoNMfuNy6o,failed,unknown
-Jo_AtiSodU,failed,unknown
-Jo_AtiSodU,failed,unknown
-JobP06hFwA,failed,unknown
-JobP06hFwA,failed,unknown
-Jpsuiuob48,failed,unknown
-JqByn7kx3Y,failed,unknown
-JqNYOtySQo,failed,unknown
-JrBAJFx_eo,failed,unknown
-JsV_9rFXB0,failed,unknown
-Jsy9Ol7wWY,failed,unknown
-JtKwDMvoIk,failed,unknown
-JtMqnUxmjM,failed,unknown
-JtpqwcTYGA,failed,unknown
-JvWk-7okCI,failed,unknown
-JxhtCzoQnI,failed,unknown
-JyWgRhvP6g,failed,unknown
-K232jBK8VQ,failed,unknown
-K28XZWiDeo,failed,unknown
-K2ZCILVbbk,failed,unknown
-K4fzmdnf9s,failed,unknown
-K5FB_BO0_c,failed,unknown
-K5XHzL1nz8,failed,unknown
-K5wu7h61EI,failed,unknown
-K6kYTHQIak,failed,unknown
-KBGMnuFo_E,failed,unknown
-KBGMnuFo_E,failed,unknown
-KBl_wUu634,failed,unknown
-KCeHYx5uRg,failed,unknown
-KECxvZZHYg,failed,unknown
-KF14ruwGxk,failed,unknown
-KI1_0FVUSI,failed,unknown
-KJbMzEiYFA,failed,unknown
-KKQWNN18dE,failed,unknown
-KLags1kE9o,failed,unknown
-KLags1kE9o,failed,unknown
-KLycgLW9Zc,failed,unknown
-KLycgLW9Zc,failed,unknown
-KMUiLryxhk,failed,unknown
-KOgOEvhrbw,failed,unknown
-KOgOEvhrbw,failed,unknown
-KPh8hDLSvc,failed,unknown
-KPh8hDLSvc,failed,unknown
-KQ1cod63Y0,failed,unknown
-KQ7U3gS1wQ,failed,unknown
-KRjZ2gjEwc,failed,unknown
-KRoVMFW3OQ,failed,unknown
-KU3bz04704,failed,unknown
-KWoQzfEzok,failed,unknown
-KY9XDoFV20,failed,unknown
-KYjWhzJ3Mk,failed,unknown
-Ka7IP4dd_k,failed,unknown
-Kc9P729mqM,failed,unknown
-KdBaGgzf4w,failed,unknown
-KdBaGgzf4w,failed,unknown
-KeQVqJESLc,failed,unknown
-KgS-c5lGlE,failed,unknown
-Kh9u-I-lXA,failed,unknown
-KhcG7ajFSw,failed,unknown
-KhrbauKAOM,failed,unknown
-KifOY3Xxd8,failed,unknown
-KioPJI1jfg,failed,unknown
-Kkr9VMiAvs,failed,unknown
-KnqTnFUoLQ,failed,unknown
-KoA6lhvUDU,failed,unknown
-KosQ2rNFoA,failed,unknown
-KpXEoL4rW8,failed,unknown
-KrDQXnlXRw,failed,unknown
-KrulebY0Lc,failed,unknown
-KvL24FAfaA,failed,unknown
-KwY9V7esWY,failed,unknown
-Kx8MpPmRu8,failed,unknown
-KxhckjMIaA,failed,unknown
-L-J0sOJrRo,failed,unknown
-L0DKsfBHFk,failed,unknown
-L0WSTOUfAU,failed,unknown
-L0ZAGOuaqg,failed,unknown
-L0ZAGOuaqg,failed,unknown
-L2ku2l9i5M,failed,unknown
-L91qpGjQsY,failed,unknown
-LAs_jk-2O8,failed,unknown
-LAs_jk-2O8,failed,unknown
-LBHWlaxWHc,failed,unknown
-LBUsQKZC78,failed,unknown
-LCgWn1IOK4,failed,unknown
-LDgcP_DZP0,failed,unknown
-LFyfhQOCjQ,failed,unknown
-LGKIp1i3jE,failed,unknown
-LGKIp1i3jE,failed,unknown
-LGTb-xyjzA,failed,unknown
-LITfve3SnU,failed,unknown
-LJ7zQtPCd4,failed,unknown
-LKFWfXeVMY,failed,unknown
-LKFWfXeVMY,failed,unknown
-LLWKg5fHJs,failed,unknown
-LLhrHFXrHs,failed,unknown
-LMCI_EBJvc,failed,unknown
-LMCI_EBJvc,failed,unknown
-LNnU-P2SeQ,failed,unknown
-LNvqMp0HrA,failed,unknown
-LP9auWyYe8,failed,unknown
-LQuCzisPK0,failed,unknown
-LR6jZzVFHs,failed,unknown
-LS-JevBX3E,failed,unknown
-LTEgpGQzhc,failed,unknown
-LTNnd6R1UE,failed,unknown
-LTNnd6R1UE,failed,unknown
-LTY4b6BNok,failed,unknown
-LTY4b6BNok,failed,unknown
-LWTTrdTi9A,failed,unknown
-L_--bn4bys,failed,unknown
-L_--bn4bys,failed,unknown
-L_RH-nw11I,failed,unknown
-L_RH-nw11I,failed,unknown
-L_t4Efb6oo,failed,unknown
-LaXovjQvDY,failed,unknown
-LbB4qrpeFY,failed,unknown
-LblDlF0WZ4,failed,unknown
-LblDlF0WZ4,failed,unknown
-LbwHG1fr3Q,failed,unknown
-LeUWYpsQaA,failed,unknown
-LeUWYpsQaA,failed,unknown
-Lei1usDQio,failed,unknown
-Lh900sOUwI,failed,unknown
-LhdkjK8p1c,failed,unknown
-LhlmWjSozA,failed,unknown
-LiUMQU0Plw,failed,unknown
-LiWj5GL3gM,failed,unknown
-LjKQZDyrCw,failed,unknown
-Ln9HQ6lLtI,failed,unknown
-LnO0gwFvTU,failed,unknown
-LrNmB50-nA,failed,unknown
-Ls9TLd17DY,failed,unknown
-Lv1Q_JRwxU,failed,unknown
-Lv5fxNekGo,failed,unknown
-Lv5fxNekGo,failed,unknown
-LwVikp3Yq0,failed,unknown
-LxT9DiHbRU,failed,unknown
-Ly_2qx-Qkc,failed,unknown
-Ly_2qx-Qkc,failed,unknown
-LzsgrGPV6o,failed,unknown
-M-Zl_498bE,failed,unknown
-M4h78e4EOY,failed,unknown
-M8qt69nljE,failed,unknown
-M8qt69nljE,failed,unknown
-M9But-Hb_A,failed,unknown
-M9But-Hb_A,failed,unknown
-MAMeEiIYOo,failed,unknown
-MBivbS4-m8,failed,unknown
-MESuxzl6h0,failed,unknown
-MEVa0-GS_E,failed,unknown
-MGxPJLnfW0,failed,unknown
-MHf8CqWM9o,failed,unknown
-MIIsQQJO2o,failed,unknown
-MJDUbKjyHA,failed,unknown
-MJDUbKjyHA,failed,unknown
-MNP_aM09S8,failed,unknown
-MNuB5iDU4M,failed,unknown
-MUg-WH0Ivk,failed,unknown
-MWJU5Kuyoc,failed,unknown
-MXSNjWmeGA,failed,unknown
-MXl8VJ6dUw,failed,unknown
-M_iEmzKxB4,failed,unknown
-MaDN8paAsc,failed,unknown
-MaR9RbXywQ,failed,unknown
-MbtbcZ2EGA,failed,unknown
-McJLXNN3-o,failed,unknown
-Mddauh3c9Y,failed,unknown
-MfBpxtGQmE,failed,unknown
-MfdheNNoKU,failed,unknown
-MhRjqy2pZg,failed,unknown
-MhRjqy2pZg,failed,unknown
-MixYC7y5G8,failed,unknown
-MixfkIwVwk,failed,unknown
-Mk24ZH_zxg,failed,unknown
-Mlyn0bfTuc,failed,unknown
-Mms9VsTdQc,failed,unknown
-MoVy3-y-V4,failed,unknown
-MoVy3-y-V4,failed,unknown
-MpHHhlayU8,failed,unknown
-MqBuNdwrsk,failed,unknown
-Mqa-jaS9SU,failed,unknown
-Mspe010C24,failed,unknown
-MtRK9tBY_c,failed,unknown
-MtYMG8dmq4,failed,unknown
-MteafYyN-o,failed,unknown
-MuIRudOtxw,failed,unknown
-N0qJZkizOw,failed,unknown
-N58QdH80nk,failed,unknown
-N7agmTO-Q4,failed,unknown
-N985spfu2I,failed,unknown
-NA-UnuK1OY,failed,unknown
-NCD5jfkapA,failed,unknown
-NGTv0zfA20,failed,unknown
-NIC0z11dm4,failed,unknown
-NI_CnVFhJ4,failed,unknown
-NIn6i4N78k,failed,unknown
-NT3upNNQU8,failed,unknown
-NT3v_AC1UY,failed,unknown
-NVmi0Uk0UY,failed,unknown
-NW2pPAToFM,failed,unknown
-NYZDjBz60I,failed,unknown
-NYZDjBz60I,failed,unknown
-NZ0zMSTEP0,failed,unknown
-NZ0zMSTEP0,failed,unknown
-N_S8kZxh-M,failed,unknown
-N_b820Xa_U,failed,unknown
-N_dNiJ7_Ng,failed,unknown
-NbGhE9wWbU,failed,unknown
-NcRVzNUqYU,failed,unknown
-NcRVzNUqYU,failed,unknown
-NcU2cIxoJU,failed,unknown
-Ncr_jqU2po,failed,unknown
-Ne51BFpF9M,failed,unknown
-NePVwDgh_s,failed,unknown
-NfBXb8lHJo,failed,unknown
-NfBXb8lHJo,failed,unknown
-NgPbto1Vr0,failed,unknown
-NhIi4d9rfw,failed,unknown
-Nis-cumBYc,failed,unknown
-NjgcJdUULY,failed,unknown
-NjhRZWnryk,failed,unknown
-NjhRZWnryk,failed,unknown
-Nk5qZd5eRw,failed,unknown
-NkgiV-1kf4,failed,unknown
-NlT-ELVWk0,failed,unknown
-NlT-ELVWk0,failed,unknown
-NmX8eRTl60,failed,unknown
-NmtrzQb7B8,failed,unknown
-NpIi1FoTXo,failed,unknown
-NqBTK7nqUs,failed,unknown
-NqBTK7nqUs,failed,unknown
-NrFtZ_xxFU,failed,unknown
-NrPRJYMqgA,failed,unknown
-NromfAJyZs,failed,unknown
-Ns61v6GYts,failed,unknown
-Ns61v6GYts,failed,unknown
-Nt1irryFtQ,failed,unknown
-Nt1irryFtQ,failed,unknown
-NucoIuPWYc,failed,unknown
-NucoIuPWYc,failed,unknown
-NvDh4fMiWc,failed,unknown
-NxAELmUcec,failed,unknown
-NxXwo4AR4M,failed,unknown
-NxXwo4AR4M,failed,unknown
-Nz3X8U7eoM,failed,unknown
-NzAwnp6qdY,failed,unknown
-NznnSyx0gU,failed,unknown
-O0M3sqMNNI,failed,unknown
-O3L6jx8ISk,failed,unknown
-O5EPFdYS18,failed,unknown
-O7aM2L42ms,failed,unknown
-O7aM2L42ms,failed,unknown
-OBIK4SJiVs,failed,unknown
-OBtV-0Pvfw,failed,unknown
-OChLdShE-Y,failed,unknown
-OEwKu4H1FM,failed,unknown
-OEwKu4H1FM,failed,unknown
-OGq-n_9EYA,failed,unknown
-OGq-n_9EYA,failed,unknown
-OHG7-BI0aU,failed,unknown
-OI4VoCS28I,failed,unknown
-OI4VoCS28I,failed,unknown
-OIY3tRRGwg,failed,unknown
-OIYU0h7y2k,failed,unknown
-OKWQGh34kw,failed,unknown
-OLmAqxvqC0,failed,unknown
-OMDb_94-U8,failed,unknown
-OOLOgPZvvE,failed,unknown
-OPRa24qEEc,failed,unknown
-OQ3KFwzLCI,failed,unknown
-OQ3KFwzLCI,failed,unknown
-ORKAZ2g_Ew,failed,unknown
-ORQcjYFpy0,failed,unknown
-ORQcjYFpy0,failed,unknown
-ORyFN4frM0,failed,unknown
-ORyFN4frM0,failed,unknown
-OS8Jk3z6j4,failed,unknown
-OT1ajYwQcM,failed,unknown
-OT1ajYwQcM,failed,unknown
-OTbClCJQKs,failed,unknown
-OVKYvvXaeo,failed,unknown
-OVRZh6TZbI,failed,unknown
-OVpSpmXVo8,failed,unknown
-OVz2x3K4OY,failed,unknown
-OWOqkUTjbE,failed,unknown
-OWOqkUTjbE,failed,unknown
-OWk1q8xH7s,failed,unknown
-OXCCrp2Dm8,failed,unknown
-O_i9m2l_gA,failed,unknown
-OaPFu4pc00,failed,unknown
-OanE09iAA4,failed,unknown
-OdIqBx6jAE,failed,unknown
-OffILgY7Y4,failed,unknown
-OffILgY7Y4,failed,unknown
-OgTcVZC5lU,failed,unknown
-Olo0LxN36c,failed,unknown
-OmCcH-KgPs,failed,unknown
-OmCcH-KgPs,failed,unknown
-OotdhPEnos,failed,unknown
-OsJD76IoWU,failed,unknown
-OtJErgJ-r8,failed,unknown
-OtbfS_JWn4,failed,unknown
-OuLM2izvUM,failed,unknown
-OvE9npEaak,failed,unknown
-OwoOIYsIXY,failed,unknown
-OyTMmCpZt0,failed,unknown
-P48AwTYcXw,failed,unknown
-P50LAJS2NQ,failed,unknown
-P53lJ1ViWk,failed,unknown
-P6FjBPWv90,failed,unknown
-P8WLeZ5mqY,failed,unknown
-PCNGd4UvFo,failed,unknown
-PEWKIG4y8s,failed,unknown
-PEvnVyaJms,failed,unknown
-PFrEXbJmMU,failed,unknown
-PJQTzJtcyM,failed,unknown
-PK81pz3534,failed,unknown
-PKwMUgKYGw,failed,unknown
-PLL_yX58Cw,failed,unknown
-PLaLa1Nds4,failed,unknown
-PMlBj8IuDA,failed,unknown
-PN3OIo-oT4,failed,unknown
-PN3OIo-oT4,failed,unknown
-PP5Hx17amY,failed,unknown
-PQLbdILaSU,failed,unknown
-PYr_EY1lss,failed,unknown
-PYr_EY1lss,failed,unknown
-P_5hxULpiI,failed,unknown
-PalzkxjilU,failed,unknown
-Pb-c68MTL4,failed,unknown
-Pb-c68MTL4,failed,unknown
-PbMtqEwVJg,failed,unknown
-PbMtqEwVJg,failed,unknown
-PbatBJQdUM,failed,unknown
-PcAYHiyyVo,failed,unknown
-Pg4vVPs4bE,failed,unknown
-PiDqnWd49k,failed,unknown
-PiDqnWd49k,failed,unknown
-PjURNLAvJk,failed,unknown
-PlQ-d2PplI,failed,unknown
-PljzzluWNw,failed,unknown
-PoXQIZDs0c,failed,unknown
-PonDwza6tg,failed,unknown
-PonDwza6tg,failed,unknown
-PtFBEjE9xM,failed,unknown
-Pu2UbGZ_Lc,failed,unknown
-Pulflr_zlc,failed,unknown
-PutwwcxPOY,failed,unknown
-PxHPtMJDkI,failed,unknown
-Pxb9UCVDTg,failed,unknown
-Py356M6sPI,failed,unknown
-PycfoL1-kA,failed,unknown
-PzdguWZm7c,failed,unknown
-PztzJ5vBvQ,failed,unknown
-Q-lmvKlMe0,failed,unknown
-Q-lmvKlMe0,failed,unknown
-Q1yBDm5xvc,failed,unknown
-Q2vef--Blw,failed,unknown
-Q4NcG85xPo,failed,unknown
-Q4NcG85xPo,failed,unknown
-Q4hfmKy0DI,failed,unknown
-QCR9wtcro8,failed,unknown
-QCxOCvV1sY,failed,unknown
-QDkHHg5U2s,failed,unknown
-QFRFmDqmpg,failed,unknown
-QFRFmDqmpg,failed,unknown
-QIKyCQAFkQ,failed,unknown
-QIl2uKQpjY,failed,unknown
-QJ9vL0yvIs,failed,unknown
-QJCOlcr9eA,failed,unknown
-QJvsrQlfFY,failed,unknown
-QJvsrQlfFY,failed,unknown
-QLHjuvpMk4,failed,unknown
-QLHjuvpMk4,failed,unknown
-QLjhPImocQ,failed,unknown
-QMzUFcZM7w,failed,unknown
-QNvgodhSQs,failed,unknown
-QSiGOQQDr4,failed,unknown
-QTKelumnJw,failed,unknown
-QWW4GPZYuU,failed,unknown
-QWcNg6FCgE,failed,unknown
-QWgpJAkWRM,failed,unknown
-QX74tUXv0g,failed,unknown
-QXTK5SWOjQ,failed,unknown
-QXTK5SWOjQ,failed,unknown
-QXlQ46HW6A,failed,unknown
-QYZPKI0R-I,failed,unknown
-QYcCxdc5gM,failed,unknown
-QYqni9d3ug,failed,unknown
-Qap2iJF8pI,failed,unknown
-Qc-X5dh92k,failed,unknown
-Qcr7SsJbts,failed,unknown
-QfhZrKnFyI,failed,unknown
-QiRG_vliUg,failed,unknown
-QjYRWTAMhM,failed,unknown
-QlgGKvOyqs,failed,unknown
-QlgGKvOyqs,failed,unknown
-QmzOJHDwH8,failed,unknown
-Qo6QJo_tJA,failed,unknown
-QoPmZAZsVM,failed,unknown
-Qr3Hzd8QsQ,failed,unknown
-Qs4qdCKnbk,failed,unknown
-Qs4qdCKnbk,failed,unknown
-Qs_Lc4pflI,failed,unknown
-QtmH0nkTGM,failed,unknown
-QtwyGv7CUQ,failed,unknown
-QuQ17smxoI,failed,unknown
-QxWJR2jXD0,failed,unknown
-R2JRLt3xjc,failed,unknown
-R2JRLt3xjc,failed,unknown
-R2kN-_12pc,failed,unknown
-R2luWuFt1s,failed,unknown
-R69Fa-mCaY,failed,unknown
-R7YU8bHwBg,failed,unknown
-R7bj-BGEGY,failed,unknown
-R7bj-BGEGY,failed,unknown
-RFnpWg3ETc,failed,unknown
-RGUSEnACXc,failed,unknown
-RGUSEnACXc,failed,unknown
-RJ2GSIuZTA,failed,unknown
-RJ2GSIuZTA,failed,unknown
-RKs4NoVRms,failed,unknown
-RM5uVrqzSE,failed,unknown
-RMvB_raxYw,failed,unknown
-RNbb1ZTu8Y,failed,unknown
-RNkE6BodtY,failed,unknown
-RNuOefO5-M,failed,unknown
-ROt2go3ALY,failed,unknown
-RP1-cUHLT8,failed,unknown
-RQsgdKdmoo,failed,unknown
-RRHNdjrV98,failed,unknown
-RRWAri_7ks,failed,unknown
-RSqSylz5PM,failed,unknown
-RUoyECWRO4,failed,unknown
-RUshsqDQss,failed,unknown
-RUshsqDQss,failed,unknown
-RYQN6bHb-E,failed,unknown
-RZrKy8WEng,failed,unknown
-RZuJjoglMs,failed,unknown
-RZuJjoglMs,failed,unknown
-R_g9vp_814,failed,unknown
-R_p6CzWFXc,failed,unknown
-RdTZWp4ts4,failed,unknown
-Rg7kFVxDP0,failed,unknown
-Rjmgv0O_p0,failed,unknown
-RkqD-6BPlQ,failed,unknown
-Rl5d0Pb-Ng,failed,unknown
-Rm5UxkHqXM,failed,unknown
-RmBbZuxWmg,failed,unknown
-RnWcqsgvyc,failed,unknown
-Roa4FMSQs8,failed,unknown
-RpFZoj3BzY,failed,unknown
-RplHnI7iqI,failed,unknown
-RplHnI7iqI,failed,unknown
-Rry0mqLHUA,failed,unknown
-Ru4eM0c3qk,failed,unknown
-RuSgm3I6LQ,failed,unknown
-Ry71a9oPlo,failed,unknown
-Ry71a9oPlo,failed,unknown
-RzSvIYehkg,failed,unknown
-S-5z2vYtxw,failed,unknown
-S-UKbNggZY,failed,unknown
-S-UKbNggZY,failed,unknown
-S4qeL71ogE,failed,unknown
-S7iM3Az7wE,failed,unknown
-SB-ijbpm6A,failed,unknown
-SCrM-xy6U4,failed,unknown
-SE3cHFmC4k,failed,unknown
-SEYr0hQImc,failed,unknown
-SIR0bMxpzE,failed,unknown
-SIf6epg9cU,failed,unknown
-SIf6epg9cU,failed,unknown
-SJA7ERoyT4,failed,unknown
-SK73JocmyA,failed,unknown
-SKnbdKeajU,failed,unknown
-SLFSGPQuXc,failed,unknown
-SPKve6eri0,failed,unknown
-SPa5NgtBNE,failed,unknown
-SQqZqjgXNM,failed,unknown
-SQqZqjgXNM,failed,unknown
-SRiiIuEYgA,failed,unknown
-SS94jclogk,failed,unknown
-SSeR7KF21U,failed,unknown
-SSeR7KF21U,failed,unknown
-ST1kIYDjVM,failed,unknown
-ST1kIYDjVM,failed,unknown
-STtkmEp8Ao,failed,unknown
-SUMymLXgrA,failed,unknown
-SVAxE4CRhA,failed,unknown
-SVo_SniSA8,failed,unknown
-SWs9oP1MKQ,failed,unknown
-SX1EaVK9zo,failed,unknown
-SXN997QxDc,failed,unknown
-SYtQq_KglY,failed,unknown
-SZIgJCerwI,failed,unknown
-S__dddErsw,failed,unknown
-S_vnRSWMhk,failed,unknown
-S_x0BC3jyM,failed,unknown
-S_x0BC3jyM,failed,unknown
-SdAy1I4yMA,failed,unknown
-SfGJmHAYcU,failed,unknown
-SgK-t40AoY,failed,unknown
-SjeR8ETXXc,failed,unknown
-SkFyu1d98U,failed,unknown
-SkFyu1d98U,failed,unknown
-SkaeD74V8Y,failed,unknown
-SlL0NZh51w,failed,unknown
-SlN4B7PpvM,failed,unknown
-Sn0rMoBjzM,failed,unknown
-Sn0rMoBjzM,failed,unknown
-Sna5WJDjnw,failed,unknown
-StBx31J1As,failed,unknown
-StCx0GPObw,failed,unknown
-StHeHGyakY,failed,unknown
-Stm1mHROCY,failed,unknown
-SyWyev2PfI,failed,unknown
-SyWyev2PfI,failed,unknown
-Sz4z0QwEuM,failed,unknown
-T-B3nF6h3A,failed,unknown
-T06kz4MI20,failed,unknown
-T0f1TSDz-Y,failed,unknown
-T0f1TSDz-Y,failed,unknown
-T1RU8oThuQ,failed,unknown
-T2LeH21ftI,failed,unknown
-T2LeH21ftI,failed,unknown
-T4GI2LT0oc,failed,unknown
-T8R6NZrOUQ,failed,unknown
-T8ZBK2m20E,failed,unknown
-T9mK2krm2w,failed,unknown
-T9xFzsTm-s,failed,unknown
-TA4R3MoDSU,failed,unknown
-TARh4PcFzc,failed,unknown
-TCDqe327us,failed,unknown
-TCFiZDK47I,failed,unknown
-TCJVC16Ezs,failed,unknown
-TCJVC16Ezs,failed,unknown
-TDLthDbY5c,failed,unknown
-TFcw00SlLo,failed,unknown
-TIHtrygFsc,failed,unknown
-TIHtrygFsc,failed,unknown
-TIr4yEY89k,failed,unknown
-TM0Ph_0b7M,failed,unknown
-TOgfy_WKNM,failed,unknown
-TPbVw6Qm8M,failed,unknown
-TPbVw6Qm8M,failed,unknown
-TUZB1d9ofA,failed,unknown
-TUZB1d9ofA,failed,unknown
-TYaP9KMzBA,failed,unknown
-TZtWSNT9Po,failed,unknown
-TbcaCBA0pI,failed,unknown
-TcFLxYUAyk,failed,unknown
-Tch5am2RTY,failed,unknown
-Tffs838qbA,failed,unknown
-Tffs838qbA,failed,unknown
-Tgu7DbTDc8,failed,unknown
-ThiuDnVGMU,failed,unknown
-TjjKiDsd84,failed,unknown
-TjxYU8lXv4,failed,unknown
-TnDYy29pRA,failed,unknown
-Tp-AspPvmg,failed,unknown
-Tpb87qlrCE,failed,unknown
-TuA6o40QhY,failed,unknown
-TuA6o40QhY,failed,unknown
-TuR11dyrTo,failed,unknown
-TvzE29y-9o,failed,unknown
-U3oyhpebSs,failed,unknown
-U4BNk91XrA,failed,unknown
-U5Worm_QYc,failed,unknown
-U5uDdxXmpc,failed,unknown
-U8ZGresQoo,failed,unknown
-U8bkbpdVgE,failed,unknown
-U8bkbpdVgE,failed,unknown
-U9Iv5Lhb_c,failed,unknown
-U9Iv5Lhb_c,failed,unknown
-UBVqmhbT50,failed,unknown
-UFKmMjJze4,failed,unknown
-UH48WJgxZ8,failed,unknown
-UHM1NygnS0,failed,unknown
-UI2z9Do_ZY,failed,unknown
-UI2z9Do_ZY,failed,unknown
-UJJsEdgqMQ,failed,unknown
-UJjKecbIKU,failed,unknown
-UKl9H9p2lI,failed,unknown
-ULEGnrT7DA,failed,unknown
-UQAmiiqVpY,failed,unknown
-URzO1H3bs8,failed,unknown
-UTm_pQcWDA,failed,unknown
-UUhrXI5GAY,failed,unknown
-UVOFRthq_c,failed,unknown
-U_T33UO3pc,failed,unknown
-U_YyMv2njE,failed,unknown
-U_r3rJsR4o,failed,unknown
-UcG6yArKqg,failed,unknown
-Udj_2z80ac,failed,unknown
-UjHThfWx_o,failed,unknown
-UjnbIuJNuI,failed,unknown
-UmUC-FQDQ0,failed,unknown
-UmUC-FQDQ0,failed,unknown
-Uo9p-Dq1fg,failed,unknown
-UoTV5by38k,failed,unknown
-UovWhSY-EQ,failed,unknown
-Up21SjeKlU,failed,unknown
-Up21SjeKlU,failed,unknown
-Up5fppwFF0,failed,unknown
-Ur-eX5Hnww,failed,unknown
-UtMMTiDFCA,failed,unknown
-UtXwhu8iyA,failed,unknown
-Uuo0G76AoI,failed,unknown
-Uuo0G76AoI,failed,unknown
-UvqdPUERuU,failed,unknown
-UxUAolRV-g,failed,unknown
-UxlFmoVuPo,failed,unknown
-V-3H5lOA2k,failed,unknown
-V-c__N8ByM,failed,unknown
-V-c__N8ByM,failed,unknown
-V02Uc2J2d0,failed,unknown
-V0DJ8xV9R4,failed,unknown
-V1FhPpoTSU,failed,unknown
-V1WFp0IIA4,failed,unknown
-V2uLG7pjnc,failed,unknown
-V2uLG7pjnc,failed,unknown
-V5KERENdZE,failed,unknown
-V6EWpcv3Gw,failed,unknown
-V6lKFFF1-s,failed,unknown
-V7gqbL91lo,failed,unknown
-VG70q026Bw,failed,unknown
-VGt_MCDkp8,failed,unknown
-VGt_MCDkp8,failed,unknown
-VH6PhjxD3Y,failed,unknown
-VIDhMaXaSA,failed,unknown
-VJ9zcAFFzI,failed,unknown
-VJC2FC7Hro,failed,unknown
-VJYkfG04W4,failed,unknown
-VKryMKMBtI,failed,unknown
-VMDgIjlALE,failed,unknown
-VNLMYTqhDA,failed,unknown
-VPNTD1eV5c,failed,unknown
-VPhVEKvyRQ,failed,unknown
-VQWMl8qG6s,failed,unknown
-VRA-PoenD8,failed,unknown
-VRxLSXcnSw,failed,unknown
-VRxLSXcnSw,failed,unknown
-VS-TWu5FDI,failed,unknown
-VSVE-CCMFM,failed,unknown
-VTAtBy_jiI,failed,unknown
-VTunx-aZFI,failed,unknown
-VUjAKtpJeA,failed,unknown
-VVOm8Ujf_c,failed,unknown
-VVOm8Ujf_c,failed,unknown
-VVrt0TlG8c,failed,unknown
-VZ3LiN_qIs,failed,unknown
-VZN4iUSkQk,failed,unknown
-VZXQAyjZ5o,failed,unknown
-V_8J9yaBko,failed,unknown
-V_KiUM6Ioc,failed,unknown
-Va6UCHNXzs,failed,unknown
-Va9NGHQzcE,failed,unknown
-Vc_2XxreJU,failed,unknown
-Vc_2XxreJU,failed,unknown
-VcqC_zuYGg,failed,unknown
-VdTo7rHwQI,failed,unknown
-Ve4yVCpjDk,failed,unknown
-Ve4yVCpjDk,failed,unknown
-VfDCxsSq5k,failed,unknown
-VjBE7IZ-70,failed,unknown
-Vk5yCREFcM,failed,unknown
-VlQzQ6e3FA,failed,unknown
-VlQzQ6e3FA,failed,unknown
-VpGfabq0Ec,failed,unknown
-VqJVXFnlGE,failed,unknown
-Vs6S1TOpLg,failed,unknown
-VtvcYcrFJ0,failed,unknown
-Vu8x7fsYRk,failed,unknown
-VudsuhSnX4,failed,unknown
-VudsuhSnX4,failed,unknown
-VvCOGy5oTc,failed,unknown
-VvrEzDDDvY,failed,unknown
-VvrEzDDDvY,failed,unknown
-Vvs_Dq9E98,failed,unknown
-VwoWTaeGpk,failed,unknown
-VwoWTaeGpk,failed,unknown
-VyLmfnIc5Q,failed,unknown
-VyLmfnIc5Q,failed,unknown
-Vzs7fglTx4,failed,unknown
-Vzs7fglTx4,failed,unknown
-W0KyA-0FsQ,failed,unknown
-W1LZRIVWw4,failed,unknown
-W3FJk77hQA,failed,unknown
-W3y3qz3yp8,failed,unknown
-W3y3qz3yp8,failed,unknown
-W4EC8noDuw,failed,unknown
-W5PlHBxANI,failed,unknown
-W62FZ95BUw,failed,unknown
-W6H4y0LBQo,failed,unknown
-W6_L80DDEo,failed,unknown
-W7afQWCJEo,failed,unknown
-W9ZCx9t_8s,failed,unknown
-W9fquoJjVU,failed,unknown
-W9fquoJjVU,failed,unknown
-WAF0spUwTA,failed,unknown
-WBvJuF2UOk,failed,unknown
-WD3mRWBWbg,failed,unknown
-WDLTTRjbuU,failed,unknown
-WDLTTRjbuU,failed,unknown
-WE1L6GAx4w,failed,unknown
-WFcBNcMBMQ,failed,unknown
-WHTKFTB5qY,failed,unknown
-WHTKFTB5qY,failed,unknown
-WJkFOXOqFE,failed,unknown
-WLJlIuYizs,failed,unknown
-WLJlIuYizs,failed,unknown
-WMZUwiLsok,failed,unknown
-WMmf4NNcJ8,failed,unknown
-WNELSjjnJc,failed,unknown
-WNKAkNxmUs,failed,unknown
-WNe5HVKJm4,failed,unknown
-WNe5HVKJm4,failed,unknown
-WPTSNexl-c,failed,unknown
-WQdgLxb588,failed,unknown
-WR-dcMFrGc,failed,unknown
-WR-dcMFrGc,failed,unknown
-WSLXgcgxT4,failed,unknown
-WV5vrm4Lmk,failed,unknown
-WVPBMV_qbY,failed,unknown
-WX0loEwkOQ,failed,unknown
-WXEF4sgMNo,failed,unknown
-WZ7izjf_Nw,failed,unknown
-WZ7izjf_Nw,failed,unknown
-WZufs_QKAs,failed,unknown
-WZufs_QKAs,failed,unknown
-WbYC9rEQN0,failed,unknown
-WbYC9rEQN0,failed,unknown
-WcjGzWVqNU,failed,unknown
-We4pq3tsX0,failed,unknown
-WfBpEg00XM,failed,unknown
-WfQBr42ymw,failed,unknown
-Wicy2cYTc0,failed,unknown
-Wigi5NZWPY,failed,unknown
-Wigi5NZWPY,failed,unknown
-WixpONKM1A,failed,unknown
-Wm4-PI6U5o,failed,unknown
-WmssKk4TAg,failed,unknown
-WmssKk4TAg,failed,unknown
-WnE2d9e69U,failed,unknown
-WoFxHJpMnI,failed,unknown
-WobsZPtZcM,failed,unknown
-WobsZPtZcM,failed,unknown
-WqFdMzjHWU,failed,unknown
-WqFdMzjHWU,failed,unknown
-Wqrvzcoe7k,failed,unknown
-Wr1LEmgz9w,failed,unknown
-Wu3bT61aTg,failed,unknown
-Wu3bT61aTg,failed,unknown
-WvSP-lCbs4,failed,unknown
-WwAxd-BBrs,failed,unknown
-Wx7UjNi3uU,failed,unknown
-Wx7UjNi3uU,failed,unknown
-WyTqBcN2OE,failed,unknown
-WyUAnVpexc,failed,unknown
-WyobeAiz5Y,failed,unknown
-9EKPvQSH9U,failed,unknown
-9b1QdD2NcU,failed,unknown
-9b1QdD2NcU,failed,unknown
-9fYYPa8glI,failed,unknown
-9fYYPa8glI,failed,unknown
-9yppEpEnVo,failed,unknown
-A43nHVdcUM,failed,unknown
-AKz1kYDgyM,failed,unknown
-AMP7Vj1ScE,failed,unknown
-AMnswk8M-4,failed,unknown
-AWN7tSV9R4,failed,unknown
-Af89O-2O_w,failed,unknown
-AgmiF7ct9c,failed,unknown
-AjqABO5O98,failed,unknown
-Akoz2Fqb4I,failed,unknown
-Akoz2Fqb4I,failed,unknown
-B6CSHRHZSA,failed,unknown
-BJNMHMZDcU,failed,unknown
-BN7lOMmnfE,failed,unknown
-BdSCcmJKJk,failed,unknown
-BdSCcmJKJk,failed,unknown
-Bfkr-Zy1jM,failed,unknown
-BkMXlxBciQ,failed,unknown
-BmPN1XE9zo,failed,unknown
-BmPN1XE9zo,failed,unknown
-C-007gu_vQ,failed,unknown
-C32AFtU9Ss,failed,unknown
-CAWmG77Z7w,failed,unknown
-CAWmG77Z7w,failed,unknown
-CUgrFw8TEI,failed,unknown
-CUgrFw8TEI,failed,unknown
-Cb4nIzv3ug,failed,unknown
-CekKuZXKJ8,failed,unknown
-CekKuZXKJ8,failed,unknown
-Clf9NLbd9c,failed,unknown
-CmISPGVFZ0,failed,unknown
-CmISPGVFZ0,failed,unknown
-CqCOqvLxYs,failed,unknown
-CqCOqvLxYs,failed,unknown
-CqanVTpgwo,failed,unknown
-Cyez43J6OQ,failed,unknown
-D3xojFH4Us,failed,unknown
-D5NIadksMo,failed,unknown
-D5NIadksMo,failed,unknown
-D8dsr8DfW8,failed,unknown
-DLbeLd5jNE,failed,unknown
-DRI8Edj8X0,failed,unknown
-DSLoPRcbEY,failed,unknown
-DsIEPiibls,failed,unknown
-Dwk51QmItE,failed,unknown
-E5O64NnqeM,failed,unknown
-E9poYAgUz4,failed,unknown
-Ej9UORoB2s,failed,unknown
-F-60iUiBh4,failed,unknown
-F0WUMu7N3w,failed,unknown
-F0WUMu7N3w,failed,unknown
-F8f2UKJSSE,failed,unknown
-FD8qQRrMWc,failed,unknown
-FD8qQRrMWc,failed,unknown
-FJSJkUdWSw,failed,unknown
-FLEmLBKkNg,failed,unknown
-FLfbQMD7zo,failed,unknown
-FLfbQMD7zo,failed,unknown
-FXgPsF8hqk,failed,unknown
-Fd51gn66m8,failed,unknown
-FgIPY7IO8k,failed,unknown
-FgwEky-7mc,failed,unknown
-FlHQAPxZgc,failed,unknown
-Fyb0KlZxOc,failed,unknown
-G57TpNZ1hg,failed,unknown
-G57TpNZ1hg,failed,unknown
-GASA6uVXiM,failed,unknown
-GFrQ3vMJ5M,failed,unknown
-GKam-wGnHA,failed,unknown
-GQcBKUU3s8,failed,unknown
-GSvbBGWvb0,failed,unknown
-GiUsfDrpGA,failed,unknown
-GzpZMuZd7s,failed,unknown
-H5ngHIv738,failed,unknown
-H5ngHIv738,failed,unknown
-HE8a3Npo7o,failed,unknown
-HE8a3Npo7o,failed,unknown
-HHIfIzlfEA,failed,unknown
-HLTp7gPBEw,failed,unknown
-HURo9pIyM0,failed,unknown
-HUcjhcskP4,failed,unknown
-HVg-i88xE0,failed,unknown
-HWoFxKmyyo,failed,unknown
-HXc9W7p9m0,failed,unknown
-HXwnBVE19E,failed,unknown
-HZXcZIwlkQ,failed,unknown
-H_3oEkKe0M,failed,unknown
-Ha8-q4iApM,failed,unknown
-Ha8-q4iApM,failed,unknown
-Hb1-ExzeHM,failed,unknown
-HcGf4q6eNw,failed,unknown
-HcGf4q6eNw,failed,unknown
-HcXpijfhKk,failed,unknown
-HcuAy_c7as,failed,unknown
-HcuAy_c7as,failed,unknown
-Hew7dKVW_w,failed,unknown
-Hew7dKVW_w,failed,unknown
-HhLQTm8yTg,failed,unknown
-HhLQTm8yTg,failed,unknown
-Hir7qkrFVY,failed,unknown
-HjmhPJh54k,failed,unknown
-HmWDdmTAE8,failed,unknown
-HmWDdmTAE8,failed,unknown
-HmYuZCgM2s,failed,unknown
-HpCjiutVuE,failed,unknown
-HtBJbsbeHo,failed,unknown
-Hti5s8LP9A,failed,unknown
-HvdQSlBI8U,failed,unknown
-Hw2mdbqXZc,failed,unknown
-Hw2mdbqXZc,failed,unknown
-HxQ9AoyRmY,failed,unknown
-HxRz4w60-Y,failed,unknown
-HxVr19g6HQ,failed,unknown
-HyUH30KfyE,failed,unknown
-Hzv2JsE2kY,failed,unknown
-I-UtrFl4m8,failed,unknown
-I2aGtZRT9M,failed,unknown
-I2aGtZRT9M,failed,unknown
-I2wwE7WFOU,failed,unknown
-I3iXzsmvRE,failed,unknown
-I3iXzsmvRE,failed,unknown
-I5q-hbISwA,failed,unknown
-I5q-hbISwA,failed,unknown
-I8C3cRr5TY,failed,unknown
-I95CtfMOLA,failed,unknown
-I9D8V2YNds,failed,unknown
-IBXTktoom8,failed,unknown
-IBtBeR6B00,failed,unknown
-IBuHXmoSLY,failed,unknown
-ICAAogMcYQ,failed,unknown
-IFRoPYS5cI,failed,unknown
-IFrazA2nwU,failed,unknown
-II-7qJxKPc,failed,unknown
-IKPAKtQKHA,failed,unknown
-IKPAKtQKHA,failed,unknown
-IKPFgiRHBI,failed,unknown
-IKPFgiRHBI,failed,unknown
-IKnEo70_ZE,failed,unknown
-IKnEo70_ZE,failed,unknown
-IL4hjBMsLE,failed,unknown
-IL4hjBMsLE,failed,unknown
-ILeaRxsdgA,failed,unknown
-IMTsrk-n6Q,failed,unknown
-INNrk4mik4,failed,unknown
-INmCm9heS4,failed,unknown
-IQjWad7L4w,failed,unknown
-ITO6vT2uYs,failed,unknown
-IVVNTOnTyQ,failed,unknown
-IV_bcVQVSw,failed,unknown
-IY3C-2iG7w,failed,unknown
-I_BmSTd6AA,failed,unknown
-IbJX_oadgs,failed,unknown
-Icq8IWbJLE,failed,unknown
-Icq8IWbJLE,failed,unknown
-IgQ4BYBLhc,failed,unknown
-IgzS3fIrBE,failed,unknown
-IilQt9YNzw,failed,unknown
-IirOhWxc98,failed,unknown
-Ij4uiLRp94,failed,unknown
-IlFdaVdEyU,failed,unknown
-IlFdaVdEyU,failed,unknown
-IopFsEU_iE,failed,unknown
-IpGWTs7ckQ,failed,unknown
-Ipd4tVSWmk,failed,unknown
-IqipY2Re_w,failed,unknown
-Is-xwitsSQ,failed,unknown
-IsCA5lBN74,failed,unknown
-IsEtnaUQW0,failed,unknown
-IsiJ6DuBCM,failed,unknown
-It4-b7T5AQ,failed,unknown
-Iu7PYlNUyI,failed,unknown
-Iu7PYlNUyI,failed,unknown
-J4yrwZkBbM,failed,unknown
-JBRB2gGWDA,failed,unknown
-JC9g19P-vU,failed,unknown
-JC9g19P-vU,failed,unknown
-JDNb42vjjM,failed,unknown
-JHNl1BWxro,failed,unknown
-JK1_tIi0tI,failed,unknown
-JK1_tIi0tI,failed,unknown
-JKEBnT-rhQ,failed,unknown
-JMHRrms_Cg,failed,unknown
-JNQvOgTaG0,failed,unknown
-JNQvOgTaG0,failed,unknown
-JPh1zMSYLo,failed,unknown
-JQLLT8ouTs,failed,unknown
-JRawIbcGmc,failed,unknown
-JSSQreCf4E,failed,unknown
-JTypcgiiDw,failed,unknown
-JTypcgiiDw,failed,unknown
-JUFSGWFr_o,failed,unknown
-JVYFW4VyKc,failed,unknown
-JVYFW4VyKc,failed,unknown
-JXUUIutBS8,failed,unknown
-JY_eCKiNsM,failed,unknown
-JZTO8CDIc4,failed,unknown
-JZTO8CDIc4,failed,unknown
-JZmJjnR1oc,failed,unknown
-J_Lm_eqp0U,failed,unknown
-JaUsb1_IbI,failed,unknown
-Jas0sv1T94,failed,unknown
-JcdVgIsCyg,failed,unknown
-JcdVgIsCyg,failed,unknown
-Jcl3FrHFCc,failed,unknown
-Jcl3FrHFCc,failed,unknown
-JdUSVmQq88,failed,unknown
-JflnolHaIw,failed,unknown
-Ji1q_xJu9Y,failed,unknown
-Ji1q_xJu9Y,failed,unknown
-JioP2hVPEw,failed,unknown
-Jj_VT1dTDI,failed,unknown
-Jj_VT1dTDI,failed,unknown
-Jjs8FP1sUk,failed,unknown
-Jju2T8rxNE,failed,unknown
-Jju2T8rxNE,failed,unknown
-Jk8qvmCfAA,failed,unknown
-JlJFW2q_Q8,failed,unknown
-JoNMfuNy6o,failed,unknown
-Jo_AtiSodU,failed,unknown
-Jo_AtiSodU,failed,unknown
-JobP06hFwA,failed,unknown
-JobP06hFwA,failed,unknown
-Jpsuiuob48,failed,unknown
-JqByn7kx3Y,failed,unknown
-JqNYOtySQo,failed,unknown
-JrBAJFx_eo,failed,unknown
-JsV_9rFXB0,failed,unknown
-Jsy9Ol7wWY,failed,unknown
-JtKwDMvoIk,failed,unknown
-JtMqnUxmjM,failed,unknown
-JtpqwcTYGA,failed,unknown
-JvWk-7okCI,failed,unknown
-JxhtCzoQnI,failed,unknown
-JyWgRhvP6g,failed,unknown
-K232jBK8VQ,failed,unknown
-K28XZWiDeo,failed,unknown
-K2ZCILVbbk,failed,unknown
-K4fzmdnf9s,failed,unknown
-K5FB_BO0_c,failed,unknown
-K5XHzL1nz8,failed,unknown
-K5wu7h61EI,failed,unknown
-K6kYTHQIak,failed,unknown
-KBGMnuFo_E,failed,unknown
-KBGMnuFo_E,failed,unknown
-KBl_wUu634,failed,unknown
-KCeHYx5uRg,failed,unknown
-KECxvZZHYg,failed,unknown
-KF14ruwGxk,failed,unknown
-KI1_0FVUSI,failed,unknown
-KJbMzEiYFA,failed,unknown
-KKQWNN18dE,failed,unknown
-KLags1kE9o,failed,unknown
-KLags1kE9o,failed,unknown
-KLycgLW9Zc,failed,unknown
-KLycgLW9Zc,failed,unknown
-KMUiLryxhk,failed,unknown
-KOgOEvhrbw,failed,unknown
-KOgOEvhrbw,failed,unknown
-KPh8hDLSvc,failed,unknown
-KPh8hDLSvc,failed,unknown
-KQ1cod63Y0,failed,unknown
-KQ7U3gS1wQ,failed,unknown
-KRjZ2gjEwc,failed,unknown
-KRoVMFW3OQ,failed,unknown
-KU3bz04704,failed,unknown
-KWoQzfEzok,failed,unknown
-KY9XDoFV20,failed,unknown
-KYjWhzJ3Mk,failed,unknown
-Ka7IP4dd_k,failed,unknown
-Kc9P729mqM,failed,unknown
-KdBaGgzf4w,failed,unknown
-KdBaGgzf4w,failed,unknown
-KeQVqJESLc,failed,unknown
-KgS-c5lGlE,failed,unknown
-Kh9u-I-lXA,failed,unknown
-KhcG7ajFSw,failed,unknown
-KhrbauKAOM,failed,unknown
-KifOY3Xxd8,failed,unknown
-KioPJI1jfg,failed,unknown
-Kkr9VMiAvs,failed,unknown
-KnqTnFUoLQ,failed,unknown
-KoA6lhvUDU,failed,unknown
-KosQ2rNFoA,failed,unknown
-KpXEoL4rW8,failed,unknown
-KrDQXnlXRw,failed,unknown
-KrulebY0Lc,failed,unknown
-KvL24FAfaA,failed,unknown
-KwY9V7esWY,failed,unknown
-Kx8MpPmRu8,failed,unknown
-KxhckjMIaA,failed,unknown
-L-J0sOJrRo,failed,unknown
-L0DKsfBHFk,failed,unknown
-L0WSTOUfAU,failed,unknown
-L0ZAGOuaqg,failed,unknown
-L0ZAGOuaqg,failed,unknown
-L2ku2l9i5M,failed,unknown
-L91qpGjQsY,failed,unknown
-LAs_jk-2O8,failed,unknown
-LAs_jk-2O8,failed,unknown
-LBHWlaxWHc,failed,unknown
-LBUsQKZC78,failed,unknown
-LCgWn1IOK4,failed,unknown
-LDgcP_DZP0,failed,unknown
-LFyfhQOCjQ,failed,unknown
-LGKIp1i3jE,failed,unknown
-LGKIp1i3jE,failed,unknown
-LGTb-xyjzA,failed,unknown
-LITfve3SnU,failed,unknown
-LJ7zQtPCd4,failed,unknown
-LKFWfXeVMY,failed,unknown
-LKFWfXeVMY,failed,unknown
-LLWKg5fHJs,failed,unknown
-LLhrHFXrHs,failed,unknown
-LMCI_EBJvc,failed,unknown
-LMCI_EBJvc,failed,unknown
-LNnU-P2SeQ,failed,unknown
-LNvqMp0HrA,failed,unknown
-LP9auWyYe8,failed,unknown
-LQuCzisPK0,failed,unknown
-LR6jZzVFHs,failed,unknown
-LS-JevBX3E,failed,unknown
-LTEgpGQzhc,failed,unknown
-LTNnd6R1UE,failed,unknown
-LTNnd6R1UE,failed,unknown
-LTY4b6BNok,failed,unknown
-LTY4b6BNok,failed,unknown
-LWTTrdTi9A,failed,unknown
-L_--bn4bys,failed,unknown
-L_--bn4bys,failed,unknown
-L_RH-nw11I,failed,unknown
-L_RH-nw11I,failed,unknown
-L_t4Efb6oo,failed,unknown
-LaXovjQvDY,failed,unknown
-LbB4qrpeFY,failed,unknown
-LblDlF0WZ4,failed,unknown
-LblDlF0WZ4,failed,unknown
-LbwHG1fr3Q,failed,unknown
-LeUWYpsQaA,failed,unknown
-LeUWYpsQaA,failed,unknown
-Lei1usDQio,failed,unknown
-Lh900sOUwI,failed,unknown
-LhdkjK8p1c,failed,unknown
-LhlmWjSozA,failed,unknown
-LiUMQU0Plw,failed,unknown
-LiWj5GL3gM,failed,unknown
-LjKQZDyrCw,failed,unknown
-Ln9HQ6lLtI,failed,unknown
-LnO0gwFvTU,failed,unknown
-LrNmB50-nA,failed,unknown
-Ls9TLd17DY,failed,unknown
-Lv1Q_JRwxU,failed,unknown
-Lv5fxNekGo,failed,unknown
-Lv5fxNekGo,failed,unknown
-LwVikp3Yq0,failed,unknown
-LxT9DiHbRU,failed,unknown
-Ly_2qx-Qkc,failed,unknown
-Ly_2qx-Qkc,failed,unknown
-LzsgrGPV6o,failed,unknown
-M-Zl_498bE,failed,unknown
-M4h78e4EOY,failed,unknown
-M8qt69nljE,failed,unknown
-M8qt69nljE,failed,unknown
-M9But-Hb_A,failed,unknown
-M9But-Hb_A,failed,unknown
-MAMeEiIYOo,failed,unknown
-MBivbS4-m8,failed,unknown
-MESuxzl6h0,failed,unknown
-MEVa0-GS_E,failed,unknown
-MGxPJLnfW0,failed,unknown
-MHf8CqWM9o,failed,unknown
-MIIsQQJO2o,failed,unknown
-MJDUbKjyHA,failed,unknown
-MJDUbKjyHA,failed,unknown
-MNP_aM09S8,failed,unknown
-MNuB5iDU4M,failed,unknown
-MUg-WH0Ivk,failed,unknown
-MWJU5Kuyoc,failed,unknown
-MXSNjWmeGA,failed,unknown
-MXl8VJ6dUw,failed,unknown
-M_iEmzKxB4,failed,unknown
-MaDN8paAsc,failed,unknown
-MaR9RbXywQ,failed,unknown
-MbtbcZ2EGA,failed,unknown
-McJLXNN3-o,failed,unknown
-Mddauh3c9Y,failed,unknown
-MfBpxtGQmE,failed,unknown
-MfdheNNoKU,failed,unknown
-MhRjqy2pZg,failed,unknown
-MhRjqy2pZg,failed,unknown
-MixYC7y5G8,failed,unknown
-MixfkIwVwk,failed,unknown
-Mk24ZH_zxg,failed,unknown
-Mlyn0bfTuc,failed,unknown
-Mms9VsTdQc,failed,unknown
-MoVy3-y-V4,failed,unknown
-MoVy3-y-V4,failed,unknown
-MpHHhlayU8,failed,unknown
-MqBuNdwrsk,failed,unknown
-Mqa-jaS9SU,failed,unknown
-Mspe010C24,failed,unknown
-MtRK9tBY_c,failed,unknown
-MtYMG8dmq4,failed,unknown
-MteafYyN-o,failed,unknown
-MuIRudOtxw,failed,unknown
-N0qJZkizOw,failed,unknown
-N58QdH80nk,failed,unknown
-N7agmTO-Q4,failed,unknown
-N985spfu2I,failed,unknown
-NA-UnuK1OY,failed,unknown
-NCD5jfkapA,failed,unknown
-NGTv0zfA20,failed,unknown
-NIC0z11dm4,failed,unknown
-NI_CnVFhJ4,failed,unknown
-NIn6i4N78k,failed,unknown
-NT3upNNQU8,failed,unknown
-NT3v_AC1UY,failed,unknown
-NVmi0Uk0UY,failed,unknown
-NW2pPAToFM,failed,unknown
-NYZDjBz60I,failed,unknown
-NYZDjBz60I,failed,unknown
-NZ0zMSTEP0,failed,unknown
-NZ0zMSTEP0,failed,unknown
-N_S8kZxh-M,failed,unknown
-N_b820Xa_U,failed,unknown
-N_dNiJ7_Ng,failed,unknown
-NbGhE9wWbU,failed,unknown
-NcRVzNUqYU,failed,unknown
-NcRVzNUqYU,failed,unknown
-NcU2cIxoJU,failed,unknown
-Ncr_jqU2po,failed,unknown
-Ne51BFpF9M,failed,unknown
-NePVwDgh_s,failed,unknown
-NfBXb8lHJo,failed,unknown
-NfBXb8lHJo,failed,unknown
-NgPbto1Vr0,failed,unknown
-NhIi4d9rfw,failed,unknown
-Nis-cumBYc,failed,unknown
-NjhRZWnryk,failed,unknown
-NjhRZWnryk,failed,unknown
-Nk5qZd5eRw,failed,unknown
-NkgiV-1kf4,failed,unknown
-NlT-ELVWk0,failed,unknown
-NlT-ELVWk0,failed,unknown
-NmX8eRTl60,failed,unknown
-NmtrzQb7B8,failed,unknown
-NpIi1FoTXo,failed,unknown
-NqBTK7nqUs,failed,unknown
-NqBTK7nqUs,failed,unknown
-NrFtZ_xxFU,failed,unknown
-NrPRJYMqgA,failed,unknown
-NromfAJyZs,failed,unknown
-Ns61v6GYts,failed,unknown
-Ns61v6GYts,failed,unknown
-Nt1irryFtQ,failed,unknown
-Nt1irryFtQ,failed,unknown
-NucoIuPWYc,failed,unknown
-NucoIuPWYc,failed,unknown
-NvDh4fMiWc,failed,unknown
-NxAELmUcec,failed,unknown
-NxXwo4AR4M,failed,unknown
-NxXwo4AR4M,failed,unknown
-Nz3X8U7eoM,failed,unknown
-NzAwnp6qdY,failed,unknown
-NznnSyx0gU,failed,unknown
-O0M3sqMNNI,failed,unknown
-O3L6jx8ISk,failed,unknown
-O5EPFdYS18,failed,unknown
-O7aM2L42ms,failed,unknown
-O7aM2L42ms,failed,unknown
-OBIK4SJiVs,failed,unknown
-OBtV-0Pvfw,failed,unknown
-OChLdShE-Y,failed,unknown
-OEwKu4H1FM,failed,unknown
-OEwKu4H1FM,failed,unknown
-OGq-n_9EYA,failed,unknown
-OGq-n_9EYA,failed,unknown
-OHG7-BI0aU,failed,unknown
-OI4VoCS28I,failed,unknown
-OI4VoCS28I,failed,unknown
-OIY3tRRGwg,failed,unknown
-OIYU0h7y2k,failed,unknown
-OKWQGh34kw,failed,unknown
-OLmAqxvqC0,failed,unknown
-OMDb_94-U8,failed,unknown
-OOLOgPZvvE,failed,unknown
-OPRa24qEEc,failed,unknown
-OQ3KFwzLCI,failed,unknown
-OQ3KFwzLCI,failed,unknown
-ORKAZ2g_Ew,failed,unknown
-ORQcjYFpy0,failed,unknown
-ORQcjYFpy0,failed,unknown
-ORyFN4frM0,failed,unknown
-ORyFN4frM0,failed,unknown
-OS8Jk3z6j4,failed,unknown
-OT1ajYwQcM,failed,unknown
-OT1ajYwQcM,failed,unknown
-OTbClCJQKs,failed,unknown
-OVKYvvXaeo,failed,unknown
-OVRZh6TZbI,failed,unknown
-OVpSpmXVo8,failed,unknown
-OVz2x3K4OY,failed,unknown
-OWOqkUTjbE,failed,unknown
-OWOqkUTjbE,failed,unknown
-OWk1q8xH7s,failed,unknown
-OXCCrp2Dm8,failed,unknown
-O_i9m2l_gA,failed,unknown
-OaPFu4pc00,failed,unknown
-OanE09iAA4,failed,unknown
-OdIqBx6jAE,failed,unknown
-OffILgY7Y4,failed,unknown
-OffILgY7Y4,failed,unknown
-OgTcVZC5lU,failed,unknown
-Olo0LxN36c,failed,unknown
-OmCcH-KgPs,failed,unknown
-C-007gu_vQ,failed,unknown
-C32AFtU9Ss,failed,unknown
-CAWmG77Z7w,failed,unknown
-CAWmG77Z7w,failed,unknown
-C-007gu_vQ,failed,unknown
-C32AFtU9Ss,failed,unknown
-CAWmG77Z7w,failed,unknown
-CAWmG77Z7w,failed,unknown
-CUgrFw8TEI,failed,unknown
-CUgrFw8TEI,failed,unknown
-Cb4nIzv3ug,failed,unknown
-CekKuZXKJ8,failed,unknown
-CekKuZXKJ8,failed,unknown
-Clf9NLbd9c,failed,unknown
-CmISPGVFZ0,failed,unknown
-CmISPGVFZ0,failed,unknown
-CqCOqvLxYs,failed,unknown
-CqCOqvLxYs,failed,unknown
-CqanVTpgwo,failed,unknown
-Cyez43J6OQ,failed,unknown
-D3xojFH4Us,failed,unknown
-D5NIadksMo,failed,unknown
-D5NIadksMo,failed,unknown
-D8dsr8DfW8,failed,unknown
-DLbeLd5jNE,failed,unknown
-DRI8Edj8X0,failed,unknown
-DSLoPRcbEY,failed,unknown
-DsIEPiibls,failed,unknown
-Dwk51QmItE,failed,unknown
-E5O64NnqeM,failed,unknown
-E9poYAgUz4,failed,unknown
-Ej9UORoB2s,failed,unknown
-F-60iUiBh4,failed,unknown
-F0WUMu7N3w,failed,unknown
-F0WUMu7N3w,failed,unknown
-F8f2UKJSSE,failed,unknown
-FD8qQRrMWc,failed,unknown
-FD8qQRrMWc,failed,unknown
-FJSJkUdWSw,failed,unknown
-FLEmLBKkNg,failed,unknown
-FLfbQMD7zo,failed,unknown
-FLfbQMD7zo,failed,unknown
-FXgPsF8hqk,failed,unknown
-Fd51gn66m8,failed,unknown
-FgIPY7IO8k,failed,unknown
-FgwEky-7mc,failed,unknown
-FlHQAPxZgc,failed,unknown
-Fyb0KlZxOc,failed,unknown
-G57TpNZ1hg,failed,unknown
-G57TpNZ1hg,failed,unknown
-GASA6uVXiM,failed,unknown
-GFrQ3vMJ5M,failed,unknown
-GKam-wGnHA,failed,unknown
-GQcBKUU3s8,failed,unknown
-GSvbBGWvb0,failed,unknown
-GiUsfDrpGA,failed,unknown
-GzpZMuZd7s,failed,unknown
-H5ngHIv738,failed,unknown
-H5ngHIv738,failed,unknown
-HE8a3Npo7o,failed,unknown
-HE8a3Npo7o,failed,unknown
-HHIfIzlfEA,failed,unknown
-HLTp7gPBEw,failed,unknown
-HURo9pIyM0,failed,unknown
-HUcjhcskP4,failed,unknown
-HVg-i88xE0,failed,unknown
-HWoFxKmyyo,failed,unknown
-HXc9W7p9m0,failed,unknown
-HXwnBVE19E,failed,unknown
-HZXcZIwlkQ,failed,unknown
-H_3oEkKe0M,failed,unknown
-C-007gu_vQ,failed,unknown
-C32AFtU9Ss,failed,unknown
-CAWmG77Z7w,failed,unknown
-CAWmG77Z7w,failed,unknown
-CUgrFw8TEI,failed,unknown
-CUgrFw8TEI,failed,unknown
-Cb4nIzv3ug,failed,unknown
-CekKuZXKJ8,failed,unknown
-CekKuZXKJ8,failed,unknown
-Clf9NLbd9c,failed,unknown
-CmISPGVFZ0,failed,unknown
-CmISPGVFZ0,failed,unknown
-CqCOqvLxYs,failed,unknown
-CqCOqvLxYs,failed,unknown
-CqanVTpgwo,failed,unknown
-Cyez43J6OQ,failed,unknown
-D3xojFH4Us,failed,unknown
-D5NIadksMo,failed,unknown
-D5NIadksMo,failed,unknown
-D8dsr8DfW8,failed,unknown
-DLbeLd5jNE,failed,unknown
-DRI8Edj8X0,failed,unknown
-DSLoPRcbEY,failed,unknown
-DsIEPiibls,failed,unknown
-Dwk51QmItE,failed,unknown
-E5O64NnqeM,failed,unknown
-C-007gu_vQ,failed,unknown
-C32AFtU9Ss,failed,unknown
-CAWmG77Z7w,failed,unknown
-CAWmG77Z7w,failed,unknown
-CUgrFw8TEI,failed,unknown
-CUgrFw8TEI,failed,unknown
-Cb4nIzv3ug,failed,unknown
-CekKuZXKJ8,failed,unknown
-CekKuZXKJ8,failed,unknown
-Clf9NLbd9c,failed,unknown
-CmISPGVFZ0,failed,unknown
-CmISPGVFZ0,failed,unknown
-CqCOqvLxYs,failed,unknown
-CqCOqvLxYs,failed,unknown
-CqanVTpgwo,failed,unknown
-Cyez43J6OQ,failed,unknown
-C-007gu_vQ,failed,unknown
-C32AFtU9Ss,failed,unknown
-CAWmG77Z7w,failed,unknown
-CAWmG77Z7w,failed,unknown
-CUgrFw8TEI,failed,unknown
-CUgrFw8TEI,failed,unknown
-Cb4nIzv3ug,failed,unknown
-CekKuZXKJ8,failed,unknown
-CekKuZXKJ8,failed,unknown
-Clf9NLbd9c,failed,unknown
-CmISPGVFZ0,failed,unknown
-CmISPGVFZ0,failed,unknown
-CqCOqvLxYs,failed,unknown
-CqCOqvLxYs,failed,unknown
-CqanVTpgwo,failed,unknown
-Cyez43J6OQ,failed,unknown
-D3xojFH4Us,failed,unknown
-D5NIadksMo,failed,unknown
-D5NIadksMo,failed,unknown
-D8dsr8DfW8,failed,unknown
-DLbeLd5jNE,failed,unknown
-DRI8Edj8X0,failed,unknown
-DSLoPRcbEY,failed,unknown
-DsIEPiibls,failed,unknown
-Dwk51QmItE,failed,unknown
-E5O64NnqeM,failed,unknown
-E9poYAgUz4,failed,unknown
-Ej9UORoB2s,failed,unknown
-F-60iUiBh4,failed,unknown
-F0WUMu7N3w,failed,unknown
-F0WUMu7N3w,failed,unknown
-F8f2UKJSSE,failed,unknown
-FD8qQRrMWc,failed,unknown
-FD8qQRrMWc,failed,unknown
-FJSJkUdWSw,failed,unknown
-FLEmLBKkNg,failed,unknown
-FLfbQMD7zo,failed,unknown
-FLfbQMD7zo,failed,unknown
-FXgPsF8hqk,failed,unknown
-Fd51gn66m8,failed,unknown
-FgIPY7IO8k,failed,unknown
-FgwEky-7mc,failed,unknown
-FlHQAPxZgc,failed,unknown
-Fyb0KlZxOc,failed,unknown
-G57TpNZ1hg,failed,unknown
-G57TpNZ1hg,failed,unknown
-GASA6uVXiM,failed,unknown
-GFrQ3vMJ5M,failed,unknown
-GKam-wGnHA,failed,unknown
-GQcBKUU3s8,failed,unknown
-GSvbBGWvb0,failed,unknown
-GiUsfDrpGA,failed,unknown
-GzpZMuZd7s,failed,unknown
-H5ngHIv738,failed,unknown
-H5ngHIv738,failed,unknown
-HE8a3Npo7o,failed,unknown
-HE8a3Npo7o,failed,unknown
-HHIfIzlfEA,failed,unknown
-HLTp7gPBEw,failed,unknown
-HURo9pIyM0,failed,unknown
-HUcjhcskP4,failed,unknown
-HVg-i88xE0,failed,unknown
-HWoFxKmyyo,failed,unknown
-HXc9W7p9m0,failed,unknown
-HXwnBVE19E,failed,unknown
-HZXcZIwlkQ,failed,unknown
-H_3oEkKe0M,failed,unknown
-Ha8-q4iApM,failed,unknown
-Ha8-q4iApM,failed,unknown
-Hb1-ExzeHM,failed,unknown
-HcGf4q6eNw,failed,unknown
-HcGf4q6eNw,failed,unknown
-HcXpijfhKk,failed,unknown
-HcuAy_c7as,failed,unknown
-HcuAy_c7as,failed,unknown
-Hew7dKVW_w,failed,unknown
-Hew7dKVW_w,failed,unknown
-HhLQTm8yTg,failed,unknown
-HhLQTm8yTg,failed,unknown
-Hir7qkrFVY,failed,unknown
-HjmhPJh54k,failed,unknown
-HmWDdmTAE8,failed,unknown
-HmWDdmTAE8,failed,unknown
-HmYuZCgM2s,failed,unknown
-HpCjiutVuE,failed,unknown
-HtBJbsbeHo,failed,unknown
-Hti5s8LP9A,failed,unknown
-HvdQSlBI8U,failed,unknown
-Hw2mdbqXZc,failed,unknown
-Hw2mdbqXZc,failed,unknown
-HxQ9AoyRmY,failed,unknown
-HxRz4w60-Y,failed,unknown
-HxVr19g6HQ,failed,unknown
-HyUH30KfyE,failed,unknown
-Hzv2JsE2kY,failed,unknown
-I-UtrFl4m8,failed,unknown
-I2aGtZRT9M,failed,unknown
-I2aGtZRT9M,failed,unknown
-I2wwE7WFOU,failed,unknown
-I3iXzsmvRE,failed,unknown
-I3iXzsmvRE,failed,unknown
-I5q-hbISwA,failed,unknown
-I5q-hbISwA,failed,unknown
-I8C3cRr5TY,failed,unknown
-I95CtfMOLA,failed,unknown
-I9D8V2YNds,failed,unknown
-IBXTktoom8,failed,unknown
-IBtBeR6B00,failed,unknown
-IBuHXmoSLY,failed,unknown
-ICAAogMcYQ,failed,unknown
-IFRoPYS5cI,failed,unknown
-IFrazA2nwU,failed,unknown
-II-7qJxKPc,failed,unknown
-IKPAKtQKHA,failed,unknown
-IKPAKtQKHA,failed,unknown
-IKPFgiRHBI,failed,unknown
-IKPFgiRHBI,failed,unknown
-IKnEo70_ZE,failed,unknown
-C-007gu_vQ,failed,unknown
-C32AFtU9Ss,failed,unknown
-CAWmG77Z7w,failed,unknown
-CAWmG77Z7w,failed,unknown
-CUgrFw8TEI,failed,unknown
-CUgrFw8TEI,failed,unknown
-Cb4nIzv3ug,failed,unknown
-CekKuZXKJ8,failed,unknown
-CekKuZXKJ8,failed,unknown
-Clf9NLbd9c,failed,unknown
-CmISPGVFZ0,failed,unknown
-CmISPGVFZ0,failed,unknown
-CqCOqvLxYs,failed,unknown
-CqCOqvLxYs,failed,unknown
-CqanVTpgwo,failed,unknown
-Cyez43J6OQ,failed,unknown
-D3xojFH4Us,failed,unknown
-D5NIadksMo,failed,unknown
-D5NIadksMo,failed,unknown
-D8dsr8DfW8,failed,unknown
-DLbeLd5jNE,failed,unknown
-DRI8Edj8X0,failed,unknown
-DSLoPRcbEY,failed,unknown
-DsIEPiibls,failed,unknown
-Dwk51QmItE,failed,unknown
-E5O64NnqeM,failed,unknown
-E9poYAgUz4,failed,unknown
-Ej9UORoB2s,failed,unknown
-F-60iUiBh4,failed,unknown
-F0WUMu7N3w,failed,unknown
-F0WUMu7N3w,failed,unknown
-F8f2UKJSSE,failed,unknown
-FD8qQRrMWc,failed,unknown
-FD8qQRrMWc,failed,unknown
-FJSJkUdWSw,failed,unknown
-FLEmLBKkNg,failed,unknown
-FLfbQMD7zo,failed,unknown
-FLfbQMD7zo,failed,unknown
-FXgPsF8hqk,failed,unknown
-Fd51gn66m8,failed,unknown
-FgIPY7IO8k,failed,unknown
-FgwEky-7mc,failed,unknown
-FlHQAPxZgc,failed,unknown
-Fyb0KlZxOc,failed,unknown
-G57TpNZ1hg,failed,unknown
-G57TpNZ1hg,failed,unknown
-GASA6uVXiM,failed,unknown
-GFrQ3vMJ5M,failed,unknown
-GKam-wGnHA,failed,unknown
-GQcBKUU3s8,failed,unknown
-GSvbBGWvb0,failed,unknown
-GiUsfDrpGA,failed,unknown
-H5ngHIv738,failed,unknown
-H5ngHIv738,failed,unknown
-HE8a3Npo7o,failed,unknown
-HE8a3Npo7o,failed,unknown
-HHIfIzlfEA,failed,unknown
-HLTp7gPBEw,failed,unknown
-HURo9pIyM0,failed,unknown
-HxRz4w60-Y,failed,unknown
-IBuHXmoSLY,failed,unknown
-IFRoPYS5cI,failed,unknown
-IFrazA2nwU,failed,unknown
-IMTsrk-n6Q,failed,unknown
-ITO6vT2uYs,failed,unknown
-JDNb42vjjM,failed,unknown
-JPh1zMSYLo,failed,unknown
-JXUUIutBS8,failed,unknown
-Jcl3FrHFCc,failed,unknown
-Jcl3FrHFCc,failed,unknown
-JflnolHaIw,failed,unknown
-Jjs8FP1sUk,failed,unknown
-Jpsuiuob48,failed,unknown
-JrBAJFx_eo,failed,unknown
-K6kYTHQIak,failed,unknown
-KKQWNN18dE,failed,unknown
-KPh8hDLSvc,failed,unknown
-KPh8hDLSvc,failed,unknown
-KRjZ2gjEwc,failed,unknown
-KnqTnFUoLQ,failed,unknown
-KoA6lhvUDU,failed,unknown
-L0DKsfBHFk,failed,unknown
-L0WSTOUfAU,failed,unknown
-L91qpGjQsY,failed,unknown
-LFyfhQOCjQ,failed,unknown
-LKFWfXeVMY,failed,unknown
-LKFWfXeVMY,failed,unknown
-LTEgpGQzhc,failed,unknown
-LTNnd6R1UE,failed,unknown
-LTNnd6R1UE,failed,unknown
-LhlmWjSozA,failed,unknown
-LwVikp3Yq0,failed,unknown
-Ly_2qx-Qkc,failed,unknown
-Ly_2qx-Qkc,failed,unknown
-MAMeEiIYOo,failed,unknown
-MfBpxtGQmE,failed,unknown
-MpHHhlayU8,failed,unknown
-N985spfu2I,failed,unknown
-C-007gu_vQ,failed,unknown
-C32AFtU9Ss,failed,unknown
-CAWmG77Z7w,failed,unknown
-CAWmG77Z7w,failed,unknown
-CUgrFw8TEI,failed,unknown
--5OkAjCI7g,failed,unknown
--Aa4M484QM,failed,unknown
--CudrykwoE,failed,unknown
--CudrykwoE,failed,unknown
--Nrb6rtheE,failed,unknown
--QVnZXkb_Y,failed,unknown
--QVnZXkb_Y,failed,unknown
--TF_YkxfvQ,failed,unknown
--TF_YkxfvQ,failed,unknown
--UE437qBIo,failed,unknown
--_K9nQrmDU,failed,unknown
--iY3Bf4hDg,failed,unknown
--nzKFQ7Myg,failed,unknown
--qXTWmzUKA,failed,unknown
-021-GT2EIM,failed,unknown
-021-GT2EIM,failed,unknown
-0HTFjyC-SI,failed,unknown
-0iEMffOYwo,failed,unknown
-0kJ0SVWD7E,failed,unknown
-0lrq0dgfnQ,failed,unknown
-0lrq0dgfnQ,failed,unknown
-0mLdC1zRx8,failed,unknown
-1JmE4eV4zE,failed,unknown
-1KVzbdvkdg,failed,unknown
-1KVzbdvkdg,failed,unknown
-1gKqs5p3I8,failed,unknown
-1ukRC9M6bc,failed,unknown
-2Fbw2plADY,failed,unknown
-2MeFbcUUmk,failed,unknown
-2UTeNMKf7g,failed,unknown
-2Z9JGG0Dnw,failed,unknown
-2jAdijiM14,failed,unknown
-2jAdijiM14,failed,unknown
-33dtHMQ38I,failed,unknown
-33dtHMQ38I,failed,unknown
-3EJe3ZMO1k,failed,unknown
-3gU1bPU7_8,failed,unknown
-427zFFU4Kw,failed,unknown
-4B9Xf1b1yI,failed,unknown
-4EIZrmnLcE,failed,unknown
-4cRJi8yIMY,failed,unknown
-4cRJi8yIMY,failed,unknown
-4rIk1uat_w,failed,unknown
-5EM5-7njeE,failed,unknown
-5F19pIqURQ,failed,unknown
-5Ik428qyGo,failed,unknown
-5MpAJy294E,failed,unknown
-5dCv5_nvU8,failed,unknown
-5pOv7eCOLs,failed,unknown
-5xyaoo15yQ,failed,unknown
-6KMSzhnLdI,failed,unknown
-6YcfxDvWQg,failed,unknown
-6bTvuXsIXI,failed,unknown
-6qqkOHPPlY,failed,unknown
-7-OBu1n4ng,failed,unknown
-7-OBu1n4ng,failed,unknown
-7FjXQgpVXw,failed,unknown
-7iUkVeOgkk,failed,unknown
-7mJhw2ghk0,failed,unknown
-7w6UF9qRaI,failed,unknown
-7w6UF9qRaI,failed,unknown
-7zz2BLOpyQ,failed,unknown
-8NDwhGhEk0,failed,unknown
-8lTyf4H1cI,failed,unknown
-8vFBAkXmeg,failed,unknown
-91W9Tp2x2w,failed,unknown
-9BmQiOdBjo,failed,unknown
-9DBR_bymo8,failed,unknown
-9EKPvQSH9U,failed,unknown
-9EKPvQSH9U,failed,unknown
-9b1QdD2NcU,failed,unknown
-9b1QdD2NcU,failed,unknown
-9fYYPa8glI,failed,unknown
-9fYYPa8glI,failed,unknown
-9yppEpEnVo,failed,unknown
-A43nHVdcUM,failed,unknown
-AKz1kYDgyM,failed,unknown
-AMP7Vj1ScE,failed,unknown
-AMnswk8M-4,failed,unknown
-AWN7tSV9R4,failed,unknown
-Af89O-2O_w,failed,unknown
-AgmiF7ct9c,failed,unknown
-AjqABO5O98,failed,unknown
-Akoz2Fqb4I,failed,unknown
-Akoz2Fqb4I,failed,unknown
-B6CSHRHZSA,failed,unknown
-BJNMHMZDcU,failed,unknown
-BN7lOMmnfE,failed,unknown
-BdSCcmJKJk,failed,unknown
-BdSCcmJKJk,failed,unknown
-Bfkr-Zy1jM,failed,unknown
-BkMXlxBciQ,failed,unknown
-BmPN1XE9zo,failed,unknown
-BmPN1XE9zo,failed,unknown
-C-007gu_vQ,failed,unknown
-C32AFtU9Ss,failed,unknown
-CAWmG77Z7w,failed,unknown
-CAWmG77Z7w,failed,unknown
-CUgrFw8TEI,failed,unknown
-CUgrFw8TEI,failed,unknown
-Cb4nIzv3ug,failed,unknown
-CekKuZXKJ8,failed,unknown
-CekKuZXKJ8,failed,unknown
-Clf9NLbd9c,failed,unknown
-CmISPGVFZ0,failed,unknown
-CmISPGVFZ0,failed,unknown
-CqCOqvLxYs,failed,unknown
-CqCOqvLxYs,failed,unknown
-CqanVTpgwo,failed,unknown
-Cyez43J6OQ,failed,unknown
-D3xojFH4Us,failed,unknown
-D5NIadksMo,failed,unknown
-D5NIadksMo,failed,unknown
-D8dsr8DfW8,failed,unknown
-DLbeLd5jNE,failed,unknown
-DRI8Edj8X0,failed,unknown
-DSLoPRcbEY,failed,unknown
-DsIEPiibls,failed,unknown
-Dwk51QmItE,failed,unknown
-E5O64NnqeM,failed,unknown
-E9poYAgUz4,failed,unknown
-Ej9UORoB2s,failed,unknown
-F-60iUiBh4,failed,unknown
-F0WUMu7N3w,failed,unknown
-F0WUMu7N3w,failed,unknown
-F8f2UKJSSE,failed,unknown
-FD8qQRrMWc,failed,unknown
-FD8qQRrMWc,failed,unknown
-FJSJkUdWSw,failed,unknown
-FLEmLBKkNg,failed,unknown
-FLfbQMD7zo,failed,unknown
-FLfbQMD7zo,failed,unknown
-FXgPsF8hqk,failed,unknown
-Fd51gn66m8,failed,unknown
-FgIPY7IO8k,failed,unknown
-FgwEky-7mc,failed,unknown
-FlHQAPxZgc,failed,unknown
-Fyb0KlZxOc,failed,unknown
-G57TpNZ1hg,failed,unknown
-G57TpNZ1hg,failed,unknown
-GASA6uVXiM,failed,unknown
-GFrQ3vMJ5M,failed,unknown
-GKam-wGnHA,failed,unknown
-GQcBKUU3s8,failed,unknown
-GSvbBGWvb0,failed,unknown
-GiUsfDrpGA,failed,unknown
--5OkAjCI7g,failed,unknown
--Aa4M484QM,failed,unknown
--CudrykwoE,failed,unknown
--CudrykwoE,failed,unknown
--Nrb6rtheE,failed,unknown
